timestamp,agent.name,rule.description,rule.level,rule.id
"May 7, 2025 @ 22:13:58.836","WIN-3KH74N2U82B","Failed attempt to perform a privileged operation","4","60107"
"May 7, 2025 @ 22:10:10.055","WIN-3KH74N2U82B","Failed attempt to perform a privileged operation","4","60107"
"May 7, 2025 @ 22:10:01.967","WIN-3KH74N2U82B","Failed attempt to perform a privileged operation","4","60107"
"May 7, 2025 @ 22:10:01.930","WIN-3KH74N2U82B","Failed attempt to perform a privileged operation","4","60107"
"May 7, 2025 @ 22:09:20.115","WIN-3KH74N2U82B","Windows Logon Success","3","60106"
"May 7, 2025 @ 22:09:20.074","WIN-3KH74N2U82B","Windows Logon Success","3","60106"
"May 7, 2025 @ 22:08:32.194","WIN-3KH74N2U82B","Failed attempt to perform a privileged operation","4","60107"
"May 7, 2025 @ 22:06:45.780","WIN-3KH74N2U82B","Windows Logon Success","3","60106"
"May 7, 2025 @ 22:06:17.839","WIN-3KH74N2U82B","Failed attempt to perform a privileged operation","4","60107"
"May 7, 2025 @ 22:06:17.839","WIN-3KH74N2U82B","Failed attempt to perform a privileged operation","4","60107"
"May 7, 2025 @ 22:06:17.826","WIN-3KH74N2U82B","Failed attempt to perform a privileged operation","4","60107"
"May 7, 2025 @ 22:04:46.310","WIN-3KH74N2U82B","Windows System error event","5","61102"
"May 7, 2025 @ 21:54:10.057","WIN-3KH74N2U82B","Failed attempt to perform a privileged operation","4","60107"
"May 7, 2025 @ 21:54:01.973","WIN-3KH74N2U82B","Failed attempt to perform a privileged operation","4","60107"
"May 7, 2025 @ 21:54:01.932","WIN-3KH74N2U82B","Failed attempt to perform a privileged operation","4","60107"
"May 7, 2025 @ 21:43:59.321","WIN-3KH74N2U82B","Failed attempt to perform a privileged operation","4","60107"
"May 7, 2025 @ 21:38:10.070","WIN-3KH74N2U82B","Failed attempt to perform a privileged operation","4","60107"
"May 7, 2025 @ 21:38:01.990","WIN-3KH74N2U82B","Failed attempt to perform a privileged operation","4","60107"
"May 7, 2025 @ 21:38:01.949","WIN-3KH74N2U82B","Failed attempt to perform a privileged operation","4","60107"
"May 7, 2025 @ 21:22:10.067","WIN-3KH74N2U82B","Failed attempt to perform a privileged operation","4","60107"
"May 7, 2025 @ 21:22:01.984","WIN-3KH74N2U82B","Failed attempt to perform a privileged operation","4","60107"
"May 7, 2025 @ 21:22:01.943","WIN-3KH74N2U82B","Failed attempt to perform a privileged operation","4","60107"
"May 7, 2025 @ 21:13:58.800","WIN-3KH74N2U82B","Failed attempt to perform a privileged operation","4","60107"
"May 7, 2025 @ 21:09:12.673","WIN-3KH74N2U82B","Windows Logon Success","3","60106"
"May 7, 2025 @ 21:09:12.630","WIN-3KH74N2U82B","Windows Logon Success","3","60106"
"May 7, 2025 @ 21:06:45.769","WIN-3KH74N2U82B","Windows Logon Success","3","60106"
"May 7, 2025 @ 21:06:10.065","WIN-3KH74N2U82B","Failed attempt to perform a privileged operation","4","60107"
"May 7, 2025 @ 21:06:01.983","WIN-3KH74N2U82B","Failed attempt to perform a privileged operation","4","60107"
"May 7, 2025 @ 21:06:01.940","WIN-3KH74N2U82B","Failed attempt to perform a privileged operation","4","60107"
"May 7, 2025 @ 21:04:46.769","WIN-3KH74N2U82B","Windows System error event","5","61102"
"May 7, 2025 @ 20:50:10.063","WIN-3KH74N2U82B","Failed attempt to perform a privileged operation","4","60107"
"May 7, 2025 @ 20:50:01.979","WIN-3KH74N2U82B","Failed attempt to perform a privileged operation","4","60107"
"May 7, 2025 @ 20:50:01.938","WIN-3KH74N2U82B","Failed attempt to perform a privileged operation","4","60107"
"May 7, 2025 @ 20:49:38.048","WIN-3KH74N2U82B","Windows Logon Success","3","60106"
"May 7, 2025 @ 20:46:42.607","WIN-3KH74N2U82B","Windows User Logoff","3","60137"
"May 7, 2025 @ 20:46:42.576","WIN-3KH74N2U82B","Windows Logon Success","3","60106"
"May 7, 2025 @ 20:46:41.998","WIN-3KH74N2U82B","Windows Logon Success","3","60106"
"May 7, 2025 @ 20:46:41.970","WIN-3KH74N2U82B","Windows Logon Success","3","60106"
"May 7, 2025 @ 20:46:41.928","WIN-3KH74N2U82B","Windows Logon Success","3","60106"
"May 7, 2025 @ 20:46:39.076","WIN-3KH74N2U82B","Windows User Logoff","3","60137"
"May 7, 2025 @ 20:46:38.999","WIN-3KH74N2U82B","Windows Logon Success","3","60106"
"May 7, 2025 @ 20:43:58.781","WIN-3KH74N2U82B","Failed attempt to perform a privileged operation","4","60107"
"May 7, 2025 @ 20:34:10.060","WIN-3KH74N2U82B","Failed attempt to perform a privileged operation","4","60107"
"May 7, 2025 @ 20:34:01.963","WIN-3KH74N2U82B","Failed attempt to perform a privileged operation","4","60107"
"May 7, 2025 @ 20:34:01.922","WIN-3KH74N2U82B","Failed attempt to perform a privileged operation","4","60107"
"May 7, 2025 @ 20:18:10.043","WIN-3KH74N2U82B","Failed attempt to perform a privileged operation","4","60107"
"May 7, 2025 @ 20:18:01.975","WIN-3KH74N2U82B","Failed attempt to perform a privileged operation","4","60107"
"May 7, 2025 @ 20:18:01.936","WIN-3KH74N2U82B","Failed attempt to perform a privileged operation","4","60107"
"May 7, 2025 @ 20:13:58.777","WIN-3KH74N2U82B","Failed attempt to perform a privileged operation","4","60107"
"May 7, 2025 @ 20:09:04.962","WIN-3KH74N2U82B","Windows Logon Success","3","60106"
"May 7, 2025 @ 20:09:04.899","WIN-3KH74N2U82B","Windows Logon Success","3","60106"
"May 7, 2025 @ 20:06:45.776","WIN-3KH74N2U82B","Windows Logon Success","3","60106"
"May 7, 2025 @ 20:04:46.651","WIN-3KH74N2U82B","Windows System error event","5","61102"
"May 7, 2025 @ 20:02:10.042","WIN-3KH74N2U82B","Failed attempt to perform a privileged operation","4","60107"
"May 7, 2025 @ 20:02:01.985","WIN-3KH74N2U82B","Failed attempt to perform a privileged operation","4","60107"
"May 7, 2025 @ 20:02:01.936","WIN-3KH74N2U82B","Failed attempt to perform a privileged operation","4","60107"
"May 7, 2025 @ 19:46:10.054","WIN-3KH74N2U82B","Failed attempt to perform a privileged operation","4","60107"
"May 7, 2025 @ 19:46:01.971","WIN-3KH74N2U82B","Failed attempt to perform a privileged operation","4","60107"
"May 7, 2025 @ 19:46:01.930","WIN-3KH74N2U82B","Failed attempt to perform a privileged operation","4","60107"
"May 7, 2025 @ 19:43:58.070","WIN-3KH74N2U82B","Failed attempt to perform a privileged operation","4","60107"
"May 7, 2025 @ 19:39:13.291","WIN-3KH74N2U82B","Software protection service scheduled successfully.","3","60642"
"May 7, 2025 @ 19:38:44.255","WIN-3KH74N2U82B","Windows Logon Success","3","60106"
"May 7, 2025 @ 19:38:44.240","WIN-3KH74N2U82B","A scheduled task was created","4","60228"
"May 7, 2025 @ 19:38:43.196","WIN-3KH74N2U82B","Windows Logon Success","3","60106"
"May 7, 2025 @ 19:30:10.037","WIN-3KH74N2U82B","Failed attempt to perform a privileged operation","4","60107"
"May 7, 2025 @ 19:30:01.969","WIN-3KH74N2U82B","Failed attempt to perform a privileged operation","4","60107"
"May 7, 2025 @ 19:30:01.927","WIN-3KH74N2U82B","Failed attempt to perform a privileged operation","4","60107"
"May 7, 2025 @ 19:19:41.388","WIN-3KH74N2U82B","Software protection service scheduled successfully.","3","60642"
"May 7, 2025 @ 19:19:15.786","WIN-3KH74N2U82B","Windows Logon Success","3","60106"
"May 7, 2025 @ 19:19:11.783","WIN-3KH74N2U82B","Windows Logon Success","3","60106"
"May 7, 2025 @ 19:19:11.721","WIN-3KH74N2U82B","Windows Logon Success","3","60106"
"May 7, 2025 @ 19:14:10.049","WIN-3KH74N2U82B","Failed attempt to perform a privileged operation","4","60107"
"May 7, 2025 @ 19:14:01.926","WIN-3KH74N2U82B","Failed attempt to perform a privileged operation","4","60107"
"May 7, 2025 @ 19:14:01.925","WIN-3KH74N2U82B","Failed attempt to perform a privileged operation","4","60107"
"May 7, 2025 @ 19:13:58.799","WIN-3KH74N2U82B","Failed attempt to perform a privileged operation","4","60107"
"May 7, 2025 @ 19:08:57.567","WIN-3KH74N2U82B","Windows Logon Success","3","60106"
"May 7, 2025 @ 19:06:45.752","WIN-3KH74N2U82B","Windows Logon Success","3","60106"
"May 7, 2025 @ 19:04:46.460","WIN-3KH74N2U82B","Windows System error event","5","61102"
"May 7, 2025 @ 19:02:39.249","WIN-3KH74N2U82B","Windows User Logoff","3","60137"
"May 7, 2025 @ 19:02:39.218","WIN-3KH74N2U82B","Windows Logon Success","3","60106"
"May 7, 2025 @ 19:02:38.094","WIN-3KH74N2U82B","Windows Logon Success","3","60106"
"May 7, 2025 @ 19:02:38.064","WIN-3KH74N2U82B","Windows Logon Success","3","60106"
"May 7, 2025 @ 19:02:38.023","WIN-3KH74N2U82B","Windows Logon Success","3","60106"
"May 7, 2025 @ 19:02:27.937","WIN-3KH74N2U82B","Windows User Logoff","3","60137"
"May 7, 2025 @ 19:02:27.890","WIN-3KH74N2U82B","Windows Logon Success","3","60106"
"May 7, 2025 @ 18:58:10.047","WIN-3KH74N2U82B","Failed attempt to perform a privileged operation","4","60107"
"May 7, 2025 @ 18:58:01.948","WIN-3KH74N2U82B","Failed attempt to perform a privileged operation","4","60107"
"May 7, 2025 @ 18:58:01.907","WIN-3KH74N2U82B","Failed attempt to perform a privileged operation","4","60107"
"May 7, 2025 @ 18:43:58.936","WIN-3KH74N2U82B","Failed attempt to perform a privileged operation","4","60107"
"May 7, 2025 @ 18:42:10.045","WIN-3KH74N2U82B","Failed attempt to perform a privileged operation","4","60107"
"May 7, 2025 @ 18:42:01.965","WIN-3KH74N2U82B","Failed attempt to perform a privileged operation","4","60107"
"May 7, 2025 @ 18:42:01.920","WIN-3KH74N2U82B","Failed attempt to perform a privileged operation","4","60107"
"May 7, 2025 @ 18:26:10.027","WIN-3KH74N2U82B","Failed attempt to perform a privileged operation","4","60107"
"May 7, 2025 @ 18:26:01.960","WIN-3KH74N2U82B","Failed attempt to perform a privileged operation","4","60107"
"May 7, 2025 @ 18:26:01.919","WIN-3KH74N2U82B","Failed attempt to perform a privileged operation","4","60107"
"May 7, 2025 @ 18:17:00.635","WIN-3KH74N2U82B","Service startup type was changed","3","61104"
"May 7, 2025 @ 18:15:10.744","WIN-3KH74N2U82B","Failed attempt to perform a privileged operation","4","60107"
"May 7, 2025 @ 18:14:58.181","WIN-3KH74N2U82B","Failed attempt to perform a privileged operation","4","60107"
"May 7, 2025 @ 18:14:48.133","WIN-3KH74N2U82B","Windows Logon Success","3","60106"
"May 7, 2025 @ 18:14:47.363","WIN-3KH74N2U82B","Service startup type was changed","3","61104"
"May 7, 2025 @ 18:13:58.713","WIN-3KH74N2U82B","Failed attempt to perform a privileged operation","4","60107"
"May 7, 2025 @ 18:10:10.009","WIN-3KH74N2U82B","Failed attempt to perform a privileged operation","4","60107"
"May 7, 2025 @ 18:10:01.929","WIN-3KH74N2U82B","Failed attempt to perform a privileged operation","4","60107"
"May 7, 2025 @ 18:10:01.900","WIN-3KH74N2U82B","Failed attempt to perform a privileged operation","4","60107"
"May 7, 2025 @ 18:08:48.304","WIN-3KH74N2U82B","Windows Logon Success","3","60106"
"May 7, 2025 @ 18:08:48.246","WIN-3KH74N2U82B","Windows Logon Success","3","60106"
"May 7, 2025 @ 18:06:45.760","WIN-3KH74N2U82B","Windows Logon Success","3","60106"
"May 7, 2025 @ 18:04:46.758","WIN-3KH74N2U82B","Windows System error event","5","61102"
"May 7, 2025 @ 17:56:01.554","WIN-3KH74N2U82B","Failed attempt to perform a privileged operation","4","60107"
"May 7, 2025 @ 17:54:10.038","WIN-3KH74N2U82B","Failed attempt to perform a privileged operation","4","60107"
"May 7, 2025 @ 17:54:01.945","WIN-3KH74N2U82B","Failed attempt to perform a privileged operation","4","60107"
"May 7, 2025 @ 17:54:01.899","WIN-3KH74N2U82B","Failed attempt to perform a privileged operation","4","60107"
"May 7, 2025 @ 17:43:58.708","WIN-3KH74N2U82B","Failed attempt to perform a privileged operation","4","60107"
"May 7, 2025 @ 17:38:10.051","WIN-3KH74N2U82B","Failed attempt to perform a privileged operation","4","60107"
"May 7, 2025 @ 17:38:01.968","WIN-3KH74N2U82B","Failed attempt to perform a privileged operation","4","60107"
"May 7, 2025 @ 17:38:01.927","WIN-3KH74N2U82B","Failed attempt to perform a privileged operation","4","60107"
"May 7, 2025 @ 17:32:06.207","WIN-3KH74N2U82B","Failed attempt to perform a privileged operation","4","60107"
"May 7, 2025 @ 17:31:06.207","WIN-3KH74N2U82B","Failed attempt to perform a privileged operation","4","60107"
"May 7, 2025 @ 17:23:47.457","WIN-3KH74N2U82B","Windows Logon Success","3","60106"
"May 7, 2025 @ 17:22:10.019","WIN-3KH74N2U82B","Failed attempt to perform a privileged operation","4","60107"
"May 7, 2025 @ 17:22:01.951","WIN-3KH74N2U82B","Failed attempt to perform a privileged operation","4","60107"
"May 7, 2025 @ 17:22:01.910","WIN-3KH74N2U82B","Failed attempt to perform a privileged operation","4","60107"
"May 7, 2025 @ 17:16:05.658","WIN-3KH74N2U82B","Software protection service scheduled successfully.","3","60642"
"May 7, 2025 @ 17:15:38.049","WIN-3KH74N2U82B","Failed attempt to perform a privileged operation","4","60107"
"May 7, 2025 @ 17:15:33.440","WIN-3KH74N2U82B","Failed attempt to perform a privileged operation","4","60107"
"May 7, 2025 @ 17:14:27.938","WIN-3KH74N2U82B","Windows Logon Success","3","60106"
"May 7, 2025 @ 17:14:04.457","WIN-3KH74N2U82B","Windows Logon Success","3","60106"
"May 7, 2025 @ 17:13:57.111","WIN-3KH74N2U82B","Failed attempt to perform a privileged operation","4","60107"
"May 7, 2025 @ 17:13:54.112","WIN-3KH74N2U82B","Failed attempt to perform a privileged operation","4","60107"
"May 7, 2025 @ 17:12:27.359","WIN-3KH74N2U82B","Windows User Logoff","3","60137"
"May 7, 2025 @ 17:12:27.312","WIN-3KH74N2U82B","Windows Logon Success","3","60106"
"May 7, 2025 @ 17:12:27.016","WIN-3KH74N2U82B","Windows Logon Success","3","60106"
"May 7, 2025 @ 17:12:26.993","WIN-3KH74N2U82B","Windows Logon Success","3","60106"
"May 7, 2025 @ 17:12:21.720","WIN-3KH74N2U82B","Windows User Logoff","3","60137"
"May 7, 2025 @ 17:12:21.681","WIN-3KH74N2U82B","Windows Logon Success","3","60106"
"May 7, 2025 @ 17:09:24.688","WIN-3KH74N2U82B","Software protection service scheduled successfully.","3","60642"
"May 7, 2025 @ 17:08:54.799","WIN-3KH74N2U82B","Windows System error event","5","61102"
"May 7, 2025 @ 17:08:54.549","WIN-3KH74N2U82B","Windows Logon Success","3","60106"
"May 7, 2025 @ 17:08:54.312","WIN-3KH74N2U82B","License activation (slui.exe) failed.","5","60646"
"May 7, 2025 @ 17:08:39.940","WIN-3KH74N2U82B","Windows Logon Success","3","60106"
"May 7, 2025 @ 17:08:38.828","WIN-3KH74N2U82B","Windows Logon Success","3","60106"
"May 7, 2025 @ 17:06:45.737","WIN-3KH74N2U82B","Windows Logon Success","3","60106"
"May 7, 2025 @ 17:06:30.853","WIN-3KH74N2U82B","Registry Value Entry Deleted.","5","751"
"May 7, 2025 @ 17:06:27.975","WIN-3KH74N2U82B","Registry Key Integrity Checksum Changed","5","594"
"May 7, 2025 @ 17:06:27.437","WIN-3KH74N2U82B","Registry Value Integrity Checksum Changed","5","750"
"May 7, 2025 @ 17:06:27.421","WIN-3KH74N2U82B","Registry Value Integrity Checksum Changed","5","750"
"May 7, 2025 @ 17:06:27.405","WIN-3KH74N2U82B","Registry Value Integrity Checksum Changed","5","750"
"May 7, 2025 @ 17:06:27.392","WIN-3KH74N2U82B","Registry Value Integrity Checksum Changed","5","750"
"May 7, 2025 @ 17:06:27.392","WIN-3KH74N2U82B","Registry Key Integrity Checksum Changed","5","594"
"May 7, 2025 @ 17:06:27.392","WIN-3KH74N2U82B","Registry Key Integrity Checksum Changed","5","594"
"May 7, 2025 @ 17:06:27.373","WIN-3KH74N2U82B","Registry Value Integrity Checksum Changed","5","750"
"May 7, 2025 @ 17:06:27.351","WIN-3KH74N2U82B","Registry Key Integrity Checksum Changed","5","594"
"May 7, 2025 @ 17:06:24.139","WIN-3KH74N2U82B","Registry Value Integrity Checksum Changed","5","750"
"May 7, 2025 @ 17:06:24.109","WIN-3KH74N2U82B","Registry Key Integrity Checksum Changed","5","594"
"May 7, 2025 @ 17:06:14.836","WIN-3KH74N2U82B","Registry Key Integrity Checksum Changed","5","594"
"May 7, 2025 @ 17:06:14.676","WIN-3KH74N2U82B","Registry Value Integrity Checksum Changed","5","750"
"May 7, 2025 @ 17:06:14.655","WIN-3KH74N2U82B","Registry Value Integrity Checksum Changed","5","750"
"May 7, 2025 @ 17:06:14.636","WIN-3KH74N2U82B","Registry Key Integrity Checksum Changed","5","594"
"May 7, 2025 @ 17:06:10.016","WIN-3KH74N2U82B","Failed attempt to perform a privileged operation","4","60107"
"May 7, 2025 @ 17:06:01.909","WIN-3KH74N2U82B","Failed attempt to perform a privileged operation","4","60107"
"May 7, 2025 @ 17:06:01.907","WIN-3KH74N2U82B","Failed attempt to perform a privileged operation","4","60107"
"May 7, 2025 @ 17:04:46.779","WIN-3KH74N2U82B","Windows System error event","5","61102"
"May 7, 2025 @ 17:04:15.389","WIN-3KH74N2U82B","Windows User Logoff","3","60137"
"May 7, 2025 @ 17:04:15.342","WIN-3KH74N2U82B","Windows Logon Success","3","60106"
"May 7, 2025 @ 17:03:57.751","WIN-3KH74N2U82B","Failed attempt to perform a privileged operation","4","60107"
"May 7, 2025 @ 16:57:10.015","WIN-3KH74N2U82B","Failed attempt to perform a privileged operation","4","60107"
"May 7, 2025 @ 16:57:01.936","WIN-3KH74N2U82B","Failed attempt to perform a privileged operation","4","60107"
"May 7, 2025 @ 16:57:01.891","WIN-3KH74N2U82B","Failed attempt to perform a privileged operation","4","60107"
"May 7, 2025 @ 16:43:58.685","WIN-3KH74N2U82B","Failed attempt to perform a privileged operation","4","60107"
"May 7, 2025 @ 16:41:10.028","WIN-3KH74N2U82B","Failed attempt to perform a privileged operation","4","60107"
"May 7, 2025 @ 16:41:01.929","WIN-3KH74N2U82B","Failed attempt to perform a privileged operation","4","60107"
"May 7, 2025 @ 16:41:01.888","WIN-3KH74N2U82B","Failed attempt to perform a privileged operation","4","60107"
"May 7, 2025 @ 16:25:10.010","WIN-3KH74N2U82B","Failed attempt to perform a privileged operation","4","60107"
"May 7, 2025 @ 16:25:01.942","WIN-3KH74N2U82B","Failed attempt to perform a privileged operation","4","60107"
"May 7, 2025 @ 16:25:01.901","WIN-3KH74N2U82B","Failed attempt to perform a privileged operation","4","60107"
"May 7, 2025 @ 16:13:58.633","WIN-3KH74N2U82B","Failed attempt to perform a privileged operation","4","60107"
"May 7, 2025 @ 16:09:10.008","WIN-3KH74N2U82B","Failed attempt to perform a privileged operation","4","60107"
"May 7, 2025 @ 16:09:01.928","WIN-3KH74N2U82B","Failed attempt to perform a privileged operation","4","60107"
"May 7, 2025 @ 16:09:01.899","WIN-3KH74N2U82B","Failed attempt to perform a privileged operation","4","60107"
"May 7, 2025 @ 16:08:26.413","WIN-3KH74N2U82B","Windows Logon Success","3","60106"
"May 7, 2025 @ 16:08:26.369","WIN-3KH74N2U82B","Windows Logon Success","3","60106"
"May 7, 2025 @ 16:06:45.727","WIN-3KH74N2U82B","Windows Logon Success","3","60106"
"May 7, 2025 @ 16:04:46.459","WIN-3KH74N2U82B","Windows System error event","5","61102"
"May 7, 2025 @ 15:53:10.005","WIN-3KH74N2U82B","Failed attempt to perform a privileged operation","4","60107"
"May 7, 2025 @ 15:53:01.937","WIN-3KH74N2U82B","Failed attempt to perform a privileged operation","4","60107"
"May 7, 2025 @ 15:53:01.896","WIN-3KH74N2U82B","Failed attempt to perform a privileged operation","4","60107"
"May 7, 2025 @ 15:43:58.629","WIN-3KH74N2U82B","Failed attempt to perform a privileged operation","4","60107"
"May 7, 2025 @ 15:37:10.003","WIN-3KH74N2U82B","Failed attempt to perform a privileged operation","4","60107"
"May 7, 2025 @ 15:37:01.935","WIN-3KH74N2U82B","Failed attempt to perform a privileged operation","4","60107"
"May 7, 2025 @ 15:37:01.894","WIN-3KH74N2U82B","Failed attempt to perform a privileged operation","4","60107"
"May 7, 2025 @ 15:29:21.640","WIN-3KH74N2U82B","Windows User Logoff","3","60137"
"May 7, 2025 @ 15:29:21.595","WIN-3KH74N2U82B","Windows Logon Success","3","60106"
"May 7, 2025 @ 15:29:20.875","WIN-3KH74N2U82B","Windows Logon Success","3","60106"
"May 7, 2025 @ 15:29:20.828","WIN-3KH74N2U82B","Windows Logon Success","3","60106"
"May 7, 2025 @ 15:29:20.808","WIN-3KH74N2U82B","Windows Logon Success","3","60106"
"May 7, 2025 @ 15:29:18.251","WIN-3KH74N2U82B","Windows User Logoff","3","60137"
"May 7, 2025 @ 15:29:18.203","WIN-3KH74N2U82B","Windows Logon Success","3","60106"
"May 7, 2025 @ 15:21:10.015","WIN-3KH74N2U82B","Failed attempt to perform a privileged operation","4","60107"
"May 7, 2025 @ 15:21:01.920","WIN-3KH74N2U82B","Failed attempt to perform a privileged operation","4","60107"
"May 7, 2025 @ 15:21:01.891","WIN-3KH74N2U82B","Failed attempt to perform a privileged operation","4","60107"
"May 7, 2025 @ 15:13:58.593","WIN-3KH74N2U82B","Failed attempt to perform a privileged operation","4","60107"
"May 7, 2025 @ 15:09:12.719","WIN-3KH74N2U82B","Windows Logon Success","3","60106"
"May 7, 2025 @ 15:09:12.713","WIN-3KH74N2U82B","The database engine attached a database.","3","60798"
"May 7, 2025 @ 15:09:12.297","WIN-3KH74N2U82B","The database engine has completed recovery steps.","3","60809"
"May 7, 2025 @ 15:09:11.913","WIN-3KH74N2U82B","The database engine is replaying log file C:\Winnt\system32\wins\j50.log.","3","60808"
"May 7, 2025 @ 15:09:11.807","WIN-3KH74N2U82B","The database engine is initiating recovery steps.","3","60807"
"May 7, 2025 @ 15:09:11.780","WIN-3KH74N2U82B","The database engine is starting a new instance.","3","60805"
"May 7, 2025 @ 15:08:20.419","WIN-3KH74N2U82B","Windows Logon Success","3","60106"
"May 7, 2025 @ 15:08:20.361","WIN-3KH74N2U82B","Windows Logon Success","3","60106"
"May 7, 2025 @ 15:06:45.718","WIN-3KH74N2U82B","Windows Logon Success","3","60106"
"May 7, 2025 @ 15:05:09.997","WIN-3KH74N2U82B","Failed attempt to perform a privileged operation","4","60107"
"May 7, 2025 @ 15:05:01.902","WIN-3KH74N2U82B","Failed attempt to perform a privileged operation","4","60107"
"May 7, 2025 @ 15:05:01.873","WIN-3KH74N2U82B","Failed attempt to perform a privileged operation","4","60107"
"May 7, 2025 @ 15:04:46.356","WIN-3KH74N2U82B","Windows System error event","5","61102"
"May 7, 2025 @ 14:49:09.996","WIN-3KH74N2U82B","Failed attempt to perform a privileged operation","4","60107"
"May 7, 2025 @ 14:49:01.915","WIN-3KH74N2U82B","Failed attempt to perform a privileged operation","4","60107"
"May 7, 2025 @ 14:49:01.876","WIN-3KH74N2U82B","Failed attempt to perform a privileged operation","4","60107"
"May 7, 2025 @ 14:43:58.572","WIN-3KH74N2U82B","Failed attempt to perform a privileged operation","4","60107"
"May 7, 2025 @ 14:33:09.992","WIN-3KH74N2U82B","Failed attempt to perform a privileged operation","4","60107"
"May 7, 2025 @ 14:33:01.910","WIN-3KH74N2U82B","Failed attempt to perform a privileged operation","4","60107"
"May 7, 2025 @ 14:33:01.868","WIN-3KH74N2U82B","Failed attempt to perform a privileged operation","4","60107"
"May 7, 2025 @ 14:17:10.006","WIN-3KH74N2U82B","Failed attempt to perform a privileged operation","4","60107"
"May 7, 2025 @ 14:17:01.922","WIN-3KH74N2U82B","Failed attempt to perform a privileged operation","4","60107"
"May 7, 2025 @ 14:17:01.881","WIN-3KH74N2U82B","Failed attempt to perform a privileged operation","4","60107"
"May 7, 2025 @ 14:13:58.614","WIN-3KH74N2U82B","Failed attempt to perform a privileged operation","4","60107"
"May 7, 2025 @ 14:08:13.596","WIN-3KH74N2U82B","Windows Logon Success","3","60106"
"May 7, 2025 @ 14:08:13.554","WIN-3KH74N2U82B","Windows Logon Success","3","60106"
"May 7, 2025 @ 14:06:45.708","WIN-3KH74N2U82B","Windows Logon Success","3","60106"
"May 7, 2025 @ 14:04:46.411","WIN-3KH74N2U82B","Windows System error event","5","61102"
"May 7, 2025 @ 14:01:09.972","WIN-3KH74N2U82B","Failed attempt to perform a privileged operation","4","60107"
"May 7, 2025 @ 14:01:01.881","WIN-3KH74N2U82B","Failed attempt to perform a privileged operation","4","60107"
"May 7, 2025 @ 14:01:01.879","WIN-3KH74N2U82B","Failed attempt to perform a privileged operation","4","60107"
"May 7, 2025 @ 13:49:18.078","WIN-3KH74N2U82B","Windows User Logoff","3","60137"
"May 7, 2025 @ 13:49:18.047","WIN-3KH74N2U82B","Windows Logon Success","3","60106"
"May 7, 2025 @ 13:49:17.406","WIN-3KH74N2U82B","Windows Logon Success","3","60106"
"May 7, 2025 @ 13:49:17.359","WIN-3KH74N2U82B","Windows Logon Success","3","60106"
"May 7, 2025 @ 13:49:17.333","WIN-3KH74N2U82B","Windows Logon Success","3","60106"
"May 7, 2025 @ 13:49:14.780","WIN-3KH74N2U82B","Windows User Logoff","3","60137"
"May 7, 2025 @ 13:49:14.734","WIN-3KH74N2U82B","Windows Logon Success","3","60106"
"May 7, 2025 @ 13:45:09.985","WIN-3KH74N2U82B","Failed attempt to perform a privileged operation","4","60107"
"May 7, 2025 @ 13:45:01.905","WIN-3KH74N2U82B","Failed attempt to perform a privileged operation","4","60107"
"May 7, 2025 @ 13:45:01.876","WIN-3KH74N2U82B","Failed attempt to perform a privileged operation","4","60107"
"May 7, 2025 @ 13:43:58.547","WIN-3KH74N2U82B","Failed attempt to perform a privileged operation","4","60107"
"May 7, 2025 @ 13:38:00.890","WIN-3KH74N2U82B","Failed attempt to perform a privileged operation","4","60107"
"May 7, 2025 @ 13:29:09.982","WIN-3KH74N2U82B","Failed attempt to perform a privileged operation","4","60107"
"May 7, 2025 @ 13:29:01.899","WIN-3KH74N2U82B","Failed attempt to perform a privileged operation","4","60107"
"May 7, 2025 @ 13:29:01.859","WIN-3KH74N2U82B","Failed attempt to perform a privileged operation","4","60107"
"May 7, 2025 @ 13:17:09.559","WIN-3KH74N2U82B","Service startup type was changed","3","61104"
"May 7, 2025 @ 13:15:11.214","WIN-3KH74N2U82B","Failed attempt to perform a privileged operation","4","60107"
"May 7, 2025 @ 13:14:58.151","WIN-3KH74N2U82B","Failed attempt to perform a privileged operation","4","60107"
"May 7, 2025 @ 13:14:48.229","WIN-3KH74N2U82B","Service startup type was changed","3","61104"
"May 7, 2025 @ 13:14:48.072","WIN-3KH74N2U82B","Windows Logon Success","3","60106"
"May 7, 2025 @ 13:13:58.592","WIN-3KH74N2U82B","Failed attempt to perform a privileged operation","4","60107"
"May 7, 2025 @ 13:13:09.995","WIN-3KH74N2U82B","Failed attempt to perform a privileged operation","4","60107"
"May 7, 2025 @ 13:13:01.912","WIN-3KH74N2U82B","Failed attempt to perform a privileged operation","4","60107"
"May 7, 2025 @ 13:13:01.875","WIN-3KH74N2U82B","Failed attempt to perform a privileged operation","4","60107"
"May 7, 2025 @ 13:09:13.552","WIN-3KH74N2U82B","Windows Logon Success","3","60106"
"May 7, 2025 @ 13:08:06.821","WIN-3KH74N2U82B","Windows Logon Success","3","60106"
"May 7, 2025 @ 13:08:06.767","WIN-3KH74N2U82B","Windows Logon Success","3","60106"
"May 7, 2025 @ 13:06:45.714","WIN-3KH74N2U82B","Windows Logon Success","3","60106"
"May 7, 2025 @ 13:04:46.392","WIN-3KH74N2U82B","Windows System error event","5","61102"
"May 7, 2025 @ 12:57:09.977","WIN-3KH74N2U82B","Failed attempt to perform a privileged operation","4","60107"
"May 7, 2025 @ 12:57:01.909","WIN-3KH74N2U82B","Failed attempt to perform a privileged operation","4","60107"
"May 7, 2025 @ 12:57:01.869","WIN-3KH74N2U82B","Failed attempt to perform a privileged operation","4","60107"
"May 7, 2025 @ 12:43:58.693","WIN-3KH74N2U82B","Failed attempt to perform a privileged operation","4","60107"
"May 7, 2025 @ 12:41:09.974","WIN-3KH74N2U82B","Failed attempt to perform a privileged operation","4","60107"
"May 7, 2025 @ 12:41:01.907","WIN-3KH74N2U82B","Failed attempt to perform a privileged operation","4","60107"
"May 7, 2025 @ 12:41:01.867","WIN-3KH74N2U82B","Failed attempt to perform a privileged operation","4","60107"
"May 7, 2025 @ 12:25:09.971","WIN-3KH74N2U82B","Failed attempt to perform a privileged operation","4","60107"
"May 7, 2025 @ 12:25:01.903","WIN-3KH74N2U82B","Failed attempt to perform a privileged operation","4","60107"
"May 7, 2025 @ 12:25:01.863","WIN-3KH74N2U82B","Failed attempt to perform a privileged operation","4","60107"
"May 7, 2025 @ 12:23:25.581","WIN-3KH74N2U82B","Failed attempt to perform a privileged operation","4","60107"
"May 7, 2025 @ 12:22:21.518","WIN-3KH74N2U82B","Failed attempt to perform a privileged operation","4","60107"
"May 7, 2025 @ 12:15:14.609","WIN-3KH74N2U82B","Windows User Logoff","3","60137"
"May 7, 2025 @ 12:15:14.578","WIN-3KH74N2U82B","Windows Logon Success","3","60106"
"May 7, 2025 @ 12:15:13.812","WIN-3KH74N2U82B","Windows Logon Success","3","60106"
"May 7, 2025 @ 12:15:13.785","WIN-3KH74N2U82B","Windows Logon Success","3","60106"
"May 7, 2025 @ 12:15:11.250","WIN-3KH74N2U82B","Windows User Logoff","3","60137"
"May 7, 2025 @ 12:15:11.203","WIN-3KH74N2U82B","Windows Logon Success","3","60106"
"May 7, 2025 @ 12:13:58.517","WIN-3KH74N2U82B","Failed attempt to perform a privileged operation","4","60107"
"May 7, 2025 @ 12:09:22.547","WIN-3KH74N2U82B","Failed attempt to perform a privileged operation","4","60107"
"May 7, 2025 @ 12:09:09.985","WIN-3KH74N2U82B","Failed attempt to perform a privileged operation","4","60107"
"May 7, 2025 @ 12:09:01.889","WIN-3KH74N2U82B","Failed attempt to perform a privileged operation","4","60107"
"May 7, 2025 @ 12:09:01.860","WIN-3KH74N2U82B","Failed attempt to perform a privileged operation","4","60107"
"May 7, 2025 @ 12:08:18.391","WIN-3KH74N2U82B","Failed attempt to perform a privileged operation","4","60107"
"May 7, 2025 @ 12:07:59.764","WIN-3KH74N2U82B","Windows Logon Success","3","60106"
"May 7, 2025 @ 12:07:59.724","WIN-3KH74N2U82B","Windows Logon Success","3","60106"
"May 7, 2025 @ 12:06:45.704","WIN-3KH74N2U82B","Windows Logon Success","3","60106"
"May 7, 2025 @ 12:04:46.296","WIN-3KH74N2U82B","Windows System error event","5","61102"
"May 7, 2025 @ 11:53:09.982","WIN-3KH74N2U82B","Failed attempt to perform a privileged operation","4","60107"
"May 7, 2025 @ 11:53:01.885","WIN-3KH74N2U82B","Failed attempt to perform a privileged operation","4","60107"
"May 7, 2025 @ 11:53:01.843","WIN-3KH74N2U82B","Failed attempt to perform a privileged operation","4","60107"
"May 7, 2025 @ 11:43:58.465","WIN-3KH74N2U82B","Failed attempt to perform a privileged operation","4","60107"
"May 7, 2025 @ 11:37:09.964","WIN-3KH74N2U82B","Failed attempt to perform a privileged operation","4","60107"
"May 7, 2025 @ 11:37:01.897","WIN-3KH74N2U82B","Failed attempt to perform a privileged operation","4","60107"
"May 7, 2025 @ 11:37:01.855","WIN-3KH74N2U82B","Failed attempt to perform a privileged operation","4","60107"
"May 7, 2025 @ 11:21:09.977","WIN-3KH74N2U82B","Failed attempt to perform a privileged operation","4","60107"
"May 7, 2025 @ 11:21:01.893","WIN-3KH74N2U82B","Failed attempt to perform a privileged operation","4","60107"
"May 7, 2025 @ 11:21:01.853","WIN-3KH74N2U82B","Failed attempt to perform a privileged operation","4","60107"
"May 7, 2025 @ 11:13:59.241","WIN-3KH74N2U82B","Failed attempt to perform a privileged operation","4","60107"
"May 7, 2025 @ 11:07:52.583","WIN-3KH74N2U82B","Windows Logon Success","3","60106"
"May 7, 2025 @ 11:07:52.541","WIN-3KH74N2U82B","Windows Logon Success","3","60106"
"May 7, 2025 @ 11:06:45.681","WIN-3KH74N2U82B","Windows Logon Success","3","60106"
"May 7, 2025 @ 11:05:09.959","WIN-3KH74N2U82B","Failed attempt to perform a privileged operation","4","60107"
"May 7, 2025 @ 11:05:01.891","WIN-3KH74N2U82B","Failed attempt to perform a privileged operation","4","60107"
"May 7, 2025 @ 11:05:01.850","WIN-3KH74N2U82B","Failed attempt to perform a privileged operation","4","60107"
"May 7, 2025 @ 11:04:46.110","WIN-3KH74N2U82B","Windows System error event","5","61102"
"May 7, 2025 @ 10:56:09.957","WIN-3KH74N2U82B","Failed attempt to perform a privileged operation","4","60107"
"May 7, 2025 @ 10:56:01.889","WIN-3KH74N2U82B","Failed attempt to perform a privileged operation","4","60107"
"May 7, 2025 @ 10:56:01.848","WIN-3KH74N2U82B","Failed attempt to perform a privileged operation","4","60107"
"May 7, 2025 @ 10:43:58.440","WIN-3KH74N2U82B","Failed attempt to perform a privileged operation","4","60107"
"May 7, 2025 @ 10:40:09.955","WIN-3KH74N2U82B","Failed attempt to perform a privileged operation","4","60107"
"May 7, 2025 @ 10:40:01.887","WIN-3KH74N2U82B","Failed attempt to perform a privileged operation","4","60107"
"May 7, 2025 @ 10:40:01.847","WIN-3KH74N2U82B","Failed attempt to perform a privileged operation","4","60107"
"May 7, 2025 @ 10:30:11.515","WIN-3KH74N2U82B","Windows User Logoff","3","60137"
"May 7, 2025 @ 10:30:11.483","WIN-3KH74N2U82B","Windows Logon Success","3","60106"
"May 7, 2025 @ 10:30:10.296","WIN-3KH74N2U82B","Windows Logon Success","3","60106"
"May 7, 2025 @ 10:30:10.249","WIN-3KH74N2U82B","Windows Logon Success","3","60106"
"May 7, 2025 @ 10:30:10.233","WIN-3KH74N2U82B","Windows Logon Success","3","60106"
"May 7, 2025 @ 10:30:01.936","WIN-3KH74N2U82B","Windows User Logoff","3","60137"
"May 7, 2025 @ 10:30:01.891","WIN-3KH74N2U82B","Windows Logon Success","3","60106"
"May 7, 2025 @ 10:24:09.937","WIN-3KH74N2U82B","Failed attempt to perform a privileged operation","4","60107"
"May 7, 2025 @ 10:24:01.886","WIN-3KH74N2U82B","Failed attempt to perform a privileged operation","4","60107"
"May 7, 2025 @ 10:24:01.844","WIN-3KH74N2U82B","Failed attempt to perform a privileged operation","4","60107"
"May 7, 2025 @ 10:13:58.420","WIN-3KH74N2U82B","Failed attempt to perform a privileged operation","4","60107"
"May 7, 2025 @ 10:08:09.951","WIN-3KH74N2U82B","Failed attempt to perform a privileged operation","4","60107"
"May 7, 2025 @ 10:08:01.882","WIN-3KH74N2U82B","Failed attempt to perform a privileged operation","4","60107"
"May 7, 2025 @ 10:08:01.841","WIN-3KH74N2U82B","Failed attempt to perform a privileged operation","4","60107"
"May 7, 2025 @ 10:07:46.402","WIN-3KH74N2U82B","Windows Logon Success","3","60106"
"May 7, 2025 @ 10:07:46.360","WIN-3KH74N2U82B","Windows Logon Success","3","60106"
"May 7, 2025 @ 10:06:45.671","WIN-3KH74N2U82B","Windows Logon Success","3","60106"
"May 7, 2025 @ 10:04:45.863","WIN-3KH74N2U82B","Windows System error event","5","61102"
"May 7, 2025 @ 09:56:00.339","WIN-3KH74N2U82B","Failed attempt to perform a privileged operation","4","60107"
"May 7, 2025 @ 09:52:09.932","WIN-3KH74N2U82B","Failed attempt to perform a privileged operation","4","60107"
"May 7, 2025 @ 09:52:01.865","WIN-3KH74N2U82B","Failed attempt to perform a privileged operation","4","60107"
"May 7, 2025 @ 09:52:01.823","WIN-3KH74N2U82B","Failed attempt to perform a privileged operation","4","60107"
"May 7, 2025 @ 09:43:58.400","WIN-3KH74N2U82B","Failed attempt to perform a privileged operation","4","60107"
"May 7, 2025 @ 09:36:09.946","WIN-3KH74N2U82B","Failed attempt to perform a privileged operation","4","60107"
"May 7, 2025 @ 09:36:01.877","WIN-3KH74N2U82B","Failed attempt to perform a privileged operation","4","60107"
"May 7, 2025 @ 09:36:01.837","WIN-3KH74N2U82B","Failed attempt to perform a privileged operation","4","60107"
"May 7, 2025 @ 09:20:09.943","WIN-3KH74N2U82B","Failed attempt to perform a privileged operation","4","60107"
"May 7, 2025 @ 09:20:01.875","WIN-3KH74N2U82B","Failed attempt to perform a privileged operation","4","60107"
"May 7, 2025 @ 09:20:01.834","WIN-3KH74N2U82B","Failed attempt to perform a privileged operation","4","60107"
"May 7, 2025 @ 09:13:57.817","WIN-3KH74N2U82B","Failed attempt to perform a privileged operation","4","60107"
"May 7, 2025 @ 09:07:38.877","WIN-3KH74N2U82B","Windows Logon Success","3","60106"
"May 7, 2025 @ 09:07:38.818","WIN-3KH74N2U82B","Windows Logon Success","3","60106"
"May 7, 2025 @ 09:06:45.677","WIN-3KH74N2U82B","Windows Logon Success","3","60106"
"May 7, 2025 @ 09:04:45.582","WIN-3KH74N2U82B","Windows System error event","5","61102"
"May 7, 2025 @ 09:04:15.252","WIN-3KH74N2U82B","Windows User Logoff","3","60137"
"May 7, 2025 @ 09:04:15.220","WIN-3KH74N2U82B","Windows Logon Success","3","60106"
"May 7, 2025 @ 09:04:09.940","WIN-3KH74N2U82B","Failed attempt to perform a privileged operation","4","60107"
"May 7, 2025 @ 09:04:01.857","WIN-3KH74N2U82B","Failed attempt to perform a privileged operation","4","60107"
"May 7, 2025 @ 09:04:01.816","WIN-3KH74N2U82B","Failed attempt to perform a privileged operation","4","60107"
"May 7, 2025 @ 08:48:09.939","WIN-3KH74N2U82B","Failed attempt to perform a privileged operation","4","60107"
"May 7, 2025 @ 08:48:01.855","WIN-3KH74N2U82B","Failed attempt to perform a privileged operation","4","60107"
"May 7, 2025 @ 08:48:01.814","WIN-3KH74N2U82B","Failed attempt to perform a privileged operation","4","60107"
"May 7, 2025 @ 08:43:58.375","WIN-3KH74N2U82B","Failed attempt to perform a privileged operation","4","60107"
"May 7, 2025 @ 08:42:01.795","WIN-3KH74N2U82B","Windows User Logoff","3","60137"
"May 7, 2025 @ 08:42:01.764","WIN-3KH74N2U82B","Windows Logon Success","3","60106"
"May 7, 2025 @ 08:42:01.061","WIN-3KH74N2U82B","Windows Logon Success","3","60106"
"May 7, 2025 @ 08:42:01.034","WIN-3KH74N2U82B","Windows Logon Success","3","60106"
"May 7, 2025 @ 08:42:00.991","WIN-3KH74N2U82B","Windows Logon Success","3","60106"
"May 7, 2025 @ 08:41:58.670","WIN-3KH74N2U82B","Windows User Logoff","3","60137"
"May 7, 2025 @ 08:41:58.595","WIN-3KH74N2U82B","Windows Logon Success","3","60106"
"May 7, 2025 @ 08:32:09.936","WIN-3KH74N2U82B","Failed attempt to perform a privileged operation","4","60107"
"May 7, 2025 @ 08:32:01.852","WIN-3KH74N2U82B","Failed attempt to perform a privileged operation","4","60107"
"May 7, 2025 @ 08:32:01.812","WIN-3KH74N2U82B","Failed attempt to perform a privileged operation","4","60107"
"May 7, 2025 @ 08:16:09.918","WIN-3KH74N2U82B","Failed attempt to perform a privileged operation","4","60107"
"May 7, 2025 @ 08:16:01.865","WIN-3KH74N2U82B","Failed attempt to perform a privileged operation","4","60107"
"May 7, 2025 @ 08:16:01.825","WIN-3KH74N2U82B","Failed attempt to perform a privileged operation","4","60107"
"May 7, 2025 @ 08:14:58.387","WIN-3KH74N2U82B","Failed attempt to perform a privileged operation","4","60107"
"May 7, 2025 @ 08:13:58.340","WIN-3KH74N2U82B","Failed attempt to perform a privileged operation","4","60107"
"May 7, 2025 @ 08:07:30.525","WIN-3KH74N2U82B","Windows Logon Success","3","60106"
"May 7, 2025 @ 08:07:30.436","WIN-3KH74N2U82B","Windows Logon Success","3","60106"
"May 7, 2025 @ 08:06:45.667","WIN-3KH74N2U82B","Windows Logon Success","3","60106"
"May 7, 2025 @ 08:04:45.526","WIN-3KH74N2U82B","Windows System error event","5","61102"
"May 7, 2025 @ 08:00:09.931","WIN-3KH74N2U82B","Failed attempt to perform a privileged operation","4","60107"
"May 7, 2025 @ 08:00:01.849","WIN-3KH74N2U82B","Failed attempt to perform a privileged operation","4","60107"
"May 7, 2025 @ 08:00:01.808","WIN-3KH74N2U82B","Failed attempt to perform a privileged operation","4","60107"
"May 7, 2025 @ 07:44:09.944","WIN-3KH74N2U82B","Failed attempt to perform a privileged operation","4","60107"
"May 7, 2025 @ 07:44:01.808","WIN-3KH74N2U82B","Failed attempt to perform a privileged operation","4","60107"
"May 7, 2025 @ 07:44:01.806","WIN-3KH74N2U82B","Failed attempt to perform a privileged operation","4","60107"
"May 7, 2025 @ 07:43:58.319","WIN-3KH74N2U82B","Failed attempt to perform a privileged operation","4","60107"
"May 7, 2025 @ 07:28:09.927","WIN-3KH74N2U82B","Failed attempt to perform a privileged operation","4","60107"
"May 7, 2025 @ 07:28:01.859","WIN-3KH74N2U82B","Failed attempt to perform a privileged operation","4","60107"
"May 7, 2025 @ 07:28:01.818","WIN-3KH74N2U82B","Failed attempt to perform a privileged operation","4","60107"
"May 7, 2025 @ 07:13:58.315","WIN-3KH74N2U82B","Failed attempt to perform a privileged operation","4","60107"
"May 7, 2025 @ 07:12:09.924","WIN-3KH74N2U82B","Failed attempt to perform a privileged operation","4","60107"
"May 7, 2025 @ 07:12:01.844","WIN-3KH74N2U82B","Failed attempt to perform a privileged operation","4","60107"
"May 7, 2025 @ 07:12:01.814","WIN-3KH74N2U82B","Failed attempt to perform a privileged operation","4","60107"
"May 7, 2025 @ 07:09:15.333","WIN-3KH74N2U82B","Windows Logon Success","3","60106"
"May 7, 2025 @ 07:09:12.751","WIN-3KH74N2U82B","Windows Logon Success","3","60106"
"May 7, 2025 @ 07:09:12.723","WIN-3KH74N2U82B","Windows Logon Success","3","60106"
"May 7, 2025 @ 07:07:23.820","WIN-3KH74N2U82B","Windows Logon Success","3","60106"
"May 7, 2025 @ 07:06:45.658","WIN-3KH74N2U82B","Windows Logon Success","3","60106"
"May 7, 2025 @ 07:04:58.516","WIN-3KH74N2U82B","Windows User Logoff","3","60137"
"May 7, 2025 @ 07:04:58.484","WIN-3KH74N2U82B","Windows Logon Success","3","60106"
"May 7, 2025 @ 07:04:57.781","WIN-3KH74N2U82B","Windows Logon Success","3","60106"
"May 7, 2025 @ 07:04:57.734","WIN-3KH74N2U82B","Windows Logon Success","3","60106"
"May 7, 2025 @ 07:04:57.697","WIN-3KH74N2U82B","Windows Logon Success","3","60106"
"May 7, 2025 @ 07:04:55.093","WIN-3KH74N2U82B","Windows User Logoff","3","60137"
"May 7, 2025 @ 07:04:55.031","WIN-3KH74N2U82B","Windows Logon Success","3","60106"
"May 7, 2025 @ 07:04:45.518","WIN-3KH74N2U82B","Windows System error event","5","61102"
"May 7, 2025 @ 06:59:24.156","WIN-3KH74N2U82B","Failed attempt to perform a privileged operation","4","60107"
"May 7, 2025 @ 06:58:24.141","WIN-3KH74N2U82B","Failed attempt to perform a privileged operation","4","60107"
"May 7, 2025 @ 06:56:09.937","WIN-3KH74N2U82B","Failed attempt to perform a privileged operation","4","60107"
"May 7, 2025 @ 06:56:01.853","WIN-3KH74N2U82B","Failed attempt to perform a privileged operation","4","60107"
"May 7, 2025 @ 06:56:01.812","WIN-3KH74N2U82B","Failed attempt to perform a privileged operation","4","60107"
"May 7, 2025 @ 06:43:58.279","WIN-3KH74N2U82B","Failed attempt to perform a privileged operation","4","60107"
"May 7, 2025 @ 06:40:09.934","WIN-3KH74N2U82B","Failed attempt to perform a privileged operation","4","60107"
"May 7, 2025 @ 06:40:01.835","WIN-3KH74N2U82B","Failed attempt to perform a privileged operation","4","60107"
"May 7, 2025 @ 06:40:01.794","WIN-3KH74N2U82B","Failed attempt to perform a privileged operation","4","60107"
"May 7, 2025 @ 06:24:09.916","WIN-3KH74N2U82B","Failed attempt to perform a privileged operation","4","60107"
"May 7, 2025 @ 06:24:01.850","WIN-3KH74N2U82B","Failed attempt to perform a privileged operation","4","60107"
"May 7, 2025 @ 06:24:01.808","WIN-3KH74N2U82B","Failed attempt to perform a privileged operation","4","60107"
"May 7, 2025 @ 06:13:58.273","WIN-3KH74N2U82B","Failed attempt to perform a privileged operation","4","60107"
"May 7, 2025 @ 06:08:09.913","WIN-3KH74N2U82B","Failed attempt to perform a privileged operation","4","60107"
"May 7, 2025 @ 06:08:01.845","WIN-3KH74N2U82B","Failed attempt to perform a privileged operation","4","60107"
"May 7, 2025 @ 06:08:01.804","WIN-3KH74N2U82B","Failed attempt to perform a privileged operation","4","60107"
"May 7, 2025 @ 06:07:12.584","WIN-3KH74N2U82B","Windows Logon Success","3","60106"
"May 7, 2025 @ 06:07:12.541","WIN-3KH74N2U82B","Windows Logon Success","3","60106"
"May 7, 2025 @ 06:06:45.648","WIN-3KH74N2U82B","Windows Logon Success","3","60106"
"May 7, 2025 @ 06:04:45.210","WIN-3KH74N2U82B","Windows System error event","5","61102"
"May 7, 2025 @ 05:54:10.850","WIN-3KH74N2U82B","Windows Logon Success","3","60106"
"May 7, 2025 @ 05:52:09.910","WIN-3KH74N2U82B","Failed attempt to perform a privileged operation","4","60107"
"May 7, 2025 @ 05:52:01.787","WIN-3KH74N2U82B","Failed attempt to perform a privileged operation","4","60107"
"May 7, 2025 @ 05:52:01.786","WIN-3KH74N2U82B","Failed attempt to perform a privileged operation","4","60107"
"May 7, 2025 @ 05:43:58.221","WIN-3KH74N2U82B","Failed attempt to perform a privileged operation","4","60107"
"May 7, 2025 @ 05:36:54.018","WIN-3KH74N2U82B","Service startup type was changed","3","61104"
"May 7, 2025 @ 05:36:09.923","WIN-3KH74N2U82B","Failed attempt to perform a privileged operation","4","60107"
"May 7, 2025 @ 05:36:01.799","WIN-3KH74N2U82B","Failed attempt to perform a privileged operation","4","60107"
"May 7, 2025 @ 05:36:01.798","WIN-3KH74N2U82B","Failed attempt to perform a privileged operation","4","60107"
"May 7, 2025 @ 05:34:54.766","WIN-3KH74N2U82B","Windows User Logoff","3","60137"
"May 7, 2025 @ 05:34:54.735","WIN-3KH74N2U82B","Windows Logon Success","3","60106"
"May 7, 2025 @ 05:34:54.281","WIN-3KH74N2U82B","Windows Logon Success","3","60106"
"May 7, 2025 @ 05:34:54.235","WIN-3KH74N2U82B","Windows Logon Success","3","60106"
"May 7, 2025 @ 05:34:54.218","WIN-3KH74N2U82B","Windows Logon Success","3","60106"
"May 7, 2025 @ 05:34:53.587","WIN-3KH74N2U82B","Windows Logon Success","3","60106"
"May 7, 2025 @ 05:34:52.896","WIN-3KH74N2U82B","Service startup type was changed","3","61104"
"May 7, 2025 @ 05:34:50.464","WIN-3KH74N2U82B","Windows User Logoff","3","60137"
"May 7, 2025 @ 05:34:50.406","WIN-3KH74N2U82B","Windows Logon Success","3","60106"
"May 7, 2025 @ 05:20:09.905","WIN-3KH74N2U82B","Failed attempt to perform a privileged operation","4","60107"
"May 7, 2025 @ 05:20:01.845","WIN-3KH74N2U82B","Failed attempt to perform a privileged operation","4","60107"
"May 7, 2025 @ 05:20:01.799","WIN-3KH74N2U82B","Failed attempt to perform a privileged operation","4","60107"
"May 7, 2025 @ 05:13:58.232","WIN-3KH74N2U82B","Failed attempt to perform a privileged operation","4","60107"
"May 7, 2025 @ 05:07:05.495","WIN-3KH74N2U82B","Windows Logon Success","3","60106"
"May 7, 2025 @ 05:07:05.453","WIN-3KH74N2U82B","Windows Logon Success","3","60106"
"May 7, 2025 @ 05:06:45.638","WIN-3KH74N2U82B","Windows Logon Success","3","60106"
"May 7, 2025 @ 05:06:02.229","WIN-3KH74N2U82B","Registry Value Entry Deleted.","5","751"
"May 7, 2025 @ 05:06:02.214","WIN-3KH74N2U82B","Registry Value Entry Deleted.","5","751"
"May 7, 2025 @ 05:06:02.199","WIN-3KH74N2U82B","Registry Value Entry Deleted.","5","751"
"May 7, 2025 @ 05:06:02.184","WIN-3KH74N2U82B","Registry Value Entry Deleted.","5","751"
"May 7, 2025 @ 05:06:02.167","WIN-3KH74N2U82B","Registry Value Entry Deleted.","5","751"
"May 7, 2025 @ 05:06:02.151","WIN-3KH74N2U82B","Registry Value Entry Deleted.","5","751"
"May 7, 2025 @ 05:06:02.136","WIN-3KH74N2U82B","Registry Value Entry Deleted.","5","751"
"May 7, 2025 @ 05:06:02.120","WIN-3KH74N2U82B","Registry Value Entry Deleted.","5","751"
"May 7, 2025 @ 05:06:02.107","WIN-3KH74N2U82B","Registry Value Entry Deleted.","5","751"
"May 7, 2025 @ 05:06:02.089","WIN-3KH74N2U82B","Registry Value Entry Deleted.","5","751"
"May 7, 2025 @ 05:06:02.073","WIN-3KH74N2U82B","Registry Value Entry Deleted.","5","751"
"May 7, 2025 @ 05:06:02.058","WIN-3KH74N2U82B","Registry Value Entry Deleted.","5","751"
"May 7, 2025 @ 05:06:02.042","WIN-3KH74N2U82B","Registry Value Entry Deleted.","5","751"
"May 7, 2025 @ 05:06:02.026","WIN-3KH74N2U82B","Registry Value Entry Deleted.","5","751"
"May 7, 2025 @ 05:06:02.010","WIN-3KH74N2U82B","Registry Value Entry Deleted.","5","751"
"May 7, 2025 @ 05:06:01.995","WIN-3KH74N2U82B","Registry Value Entry Deleted.","5","751"
"May 7, 2025 @ 05:06:01.979","WIN-3KH74N2U82B","Registry Value Entry Deleted.","5","751"
"May 7, 2025 @ 05:06:01.963","WIN-3KH74N2U82B","Registry Value Entry Deleted.","5","751"
"May 7, 2025 @ 05:06:01.948","WIN-3KH74N2U82B","Registry Value Entry Deleted.","5","751"
"May 7, 2025 @ 05:06:01.932","WIN-3KH74N2U82B","Registry Value Entry Deleted.","5","751"
"May 7, 2025 @ 05:06:01.917","WIN-3KH74N2U82B","Registry Value Entry Deleted.","5","751"
"May 7, 2025 @ 05:06:01.901","WIN-3KH74N2U82B","Registry Value Entry Deleted.","5","751"
"May 7, 2025 @ 05:06:01.885","WIN-3KH74N2U82B","Registry Value Entry Deleted.","5","751"
"May 7, 2025 @ 05:06:01.871","WIN-3KH74N2U82B","Registry Value Entry Deleted.","5","751"
"May 7, 2025 @ 05:06:01.870","WIN-3KH74N2U82B","Registry Value Entry Deleted.","5","751"
"May 7, 2025 @ 05:06:01.370","WIN-3KH74N2U82B","Registry Value Entry Deleted.","5","751"
"May 7, 2025 @ 05:06:01.354","WIN-3KH74N2U82B","Registry Value Entry Deleted.","5","751"
"May 7, 2025 @ 05:06:01.340","WIN-3KH74N2U82B","Registry Value Entry Deleted.","5","751"
"May 7, 2025 @ 05:06:01.323","WIN-3KH74N2U82B","Registry Value Entry Deleted.","5","751"
"May 7, 2025 @ 05:06:01.309","WIN-3KH74N2U82B","Registry Value Entry Deleted.","5","751"
"May 7, 2025 @ 05:06:01.292","WIN-3KH74N2U82B","Registry Value Entry Deleted.","5","751"
"May 7, 2025 @ 05:06:01.276","WIN-3KH74N2U82B","Registry Value Entry Deleted.","5","751"
"May 7, 2025 @ 05:06:01.261","WIN-3KH74N2U82B","Registry Value Entry Deleted.","5","751"
"May 7, 2025 @ 05:06:01.245","WIN-3KH74N2U82B","Registry Value Entry Deleted.","5","751"
"May 7, 2025 @ 05:06:01.229","WIN-3KH74N2U82B","Registry Value Entry Deleted.","5","751"
"May 7, 2025 @ 05:06:01.214","WIN-3KH74N2U82B","Registry Value Entry Deleted.","5","751"
"May 7, 2025 @ 05:06:01.184","WIN-3KH74N2U82B","Registry Value Entry Deleted.","5","751"
"May 7, 2025 @ 05:06:01.167","WIN-3KH74N2U82B","Registry Value Entry Deleted.","5","751"
"May 7, 2025 @ 05:06:01.151","WIN-3KH74N2U82B","Registry Value Entry Deleted.","5","751"
"May 7, 2025 @ 05:06:01.135","WIN-3KH74N2U82B","Registry Value Entry Deleted.","5","751"
"May 7, 2025 @ 05:06:01.120","WIN-3KH74N2U82B","Registry Value Entry Deleted.","5","751"
"May 7, 2025 @ 05:06:01.105","WIN-3KH74N2U82B","Registry Value Entry Deleted.","5","751"
"May 7, 2025 @ 05:06:01.089","WIN-3KH74N2U82B","Registry Value Entry Deleted.","5","751"
"May 7, 2025 @ 05:06:01.074","WIN-3KH74N2U82B","Registry Value Entry Deleted.","5","751"
"May 7, 2025 @ 05:06:01.058","WIN-3KH74N2U82B","Registry Value Entry Deleted.","5","751"
"May 7, 2025 @ 05:06:01.028","WIN-3KH74N2U82B","Registry Value Entry Deleted.","5","751"
"May 7, 2025 @ 05:06:01.027","WIN-3KH74N2U82B","Registry Value Entry Deleted.","5","751"
"May 7, 2025 @ 05:06:00.995","WIN-3KH74N2U82B","Registry Value Entry Deleted.","5","751"
"May 7, 2025 @ 05:06:00.995","WIN-3KH74N2U82B","Registry Value Entry Deleted.","5","751"
"May 7, 2025 @ 05:06:00.964","WIN-3KH74N2U82B","Registry Value Entry Deleted.","5","751"
"May 7, 2025 @ 05:06:00.963","WIN-3KH74N2U82B","Registry Value Entry Deleted.","5","751"
"May 7, 2025 @ 05:06:00.933","WIN-3KH74N2U82B","Registry Value Entry Deleted.","5","751"
"May 7, 2025 @ 05:06:00.932","WIN-3KH74N2U82B","Registry Value Entry Deleted.","5","751"
"May 7, 2025 @ 05:06:00.901","WIN-3KH74N2U82B","Registry Value Entry Deleted.","5","751"
"May 7, 2025 @ 05:06:00.886","WIN-3KH74N2U82B","Registry Value Entry Deleted.","5","751"
"May 7, 2025 @ 05:06:00.870","WIN-3KH74N2U82B","Registry Value Entry Deleted.","5","751"
"May 7, 2025 @ 05:06:00.853","WIN-3KH74N2U82B","Registry Value Entry Deleted.","5","751"
"May 7, 2025 @ 05:06:00.853","WIN-3KH74N2U82B","Registry Value Entry Deleted.","5","751"
"May 7, 2025 @ 05:06:00.154","WIN-3KH74N2U82B","Registry Key Integrity Checksum Changed","5","594"
"May 7, 2025 @ 05:06:00.136","WIN-3KH74N2U82B","Registry Key Entry Added to the System","5","598"
"May 7, 2025 @ 05:06:00.127","WIN-3KH74N2U82B","Registry Value Entry Added to the System","5","752"
"May 7, 2025 @ 05:06:00.126","WIN-3KH74N2U82B","Registry Key Entry Added to the System","5","598"
"May 7, 2025 @ 05:05:59.188","WIN-3KH74N2U82B","Registry Key Integrity Checksum Changed","5","594"
"May 7, 2025 @ 05:05:59.042","WIN-3KH74N2U82B","Registry Value Entry Added to the System","5","752"
"May 7, 2025 @ 05:05:59.026","WIN-3KH74N2U82B","Registry Value Entry Added to the System","5","752"
"May 7, 2025 @ 05:05:59.011","WIN-3KH74N2U82B","Registry Value Entry Added to the System","5","752"
"May 7, 2025 @ 05:05:58.995","WIN-3KH74N2U82B","Registry Value Entry Added to the System","5","752"
"May 7, 2025 @ 05:05:58.979","WIN-3KH74N2U82B","Registry Value Entry Added to the System","5","752"
"May 7, 2025 @ 05:05:58.963","WIN-3KH74N2U82B","Registry Value Entry Added to the System","5","752"
"May 7, 2025 @ 05:05:58.948","WIN-3KH74N2U82B","Registry Value Entry Added to the System","5","752"
"May 7, 2025 @ 05:05:58.934","WIN-3KH74N2U82B","Registry Key Entry Added to the System","5","598"
"May 7, 2025 @ 05:05:58.928","WIN-3KH74N2U82B","Registry Key Entry Added to the System","5","598"
"May 7, 2025 @ 05:05:58.928","WIN-3KH74N2U82B","Registry Value Entry Added to the System","5","752"
"May 7, 2025 @ 05:05:58.728","WIN-3KH74N2U82B","Registry Key Integrity Checksum Changed","5","594"
"May 7, 2025 @ 05:05:57.266","WIN-3KH74N2U82B","Registry Key Integrity Checksum Changed","5","594"
"May 7, 2025 @ 05:05:56.254","WIN-3KH74N2U82B","Registry Key Integrity Checksum Changed","5","594"
"May 7, 2025 @ 05:05:56.254","WIN-3KH74N2U82B","Registry Value Integrity Checksum Changed","5","750"
"May 7, 2025 @ 05:05:55.651","WIN-3KH74N2U82B","Registry Value Integrity Checksum Changed","5","750"
"May 7, 2025 @ 05:05:55.635","WIN-3KH74N2U82B","Registry Value Integrity Checksum Changed","5","750"
"May 7, 2025 @ 05:05:55.620","WIN-3KH74N2U82B","Registry Value Integrity Checksum Changed","5","750"
"May 7, 2025 @ 05:05:55.604","WIN-3KH74N2U82B","Registry Key Integrity Checksum Changed","5","594"
"May 7, 2025 @ 05:05:55.589","WIN-3KH74N2U82B","Registry Value Integrity Checksum Changed","5","750"
"May 7, 2025 @ 05:05:55.573","WIN-3KH74N2U82B","Registry Value Integrity Checksum Changed","5","750"
"May 7, 2025 @ 05:05:55.565","WIN-3KH74N2U82B","Registry Key Integrity Checksum Changed","5","594"
"May 7, 2025 @ 05:05:55.548","WIN-3KH74N2U82B","Registry Value Integrity Checksum Changed","5","750"
"May 7, 2025 @ 05:05:55.547","WIN-3KH74N2U82B","Registry Key Integrity Checksum Changed","5","594"
"May 7, 2025 @ 05:05:55.457","WIN-3KH74N2U82B","Registry Key Integrity Checksum Changed","5","594"
"May 7, 2025 @ 05:05:55.431","WIN-3KH74N2U82B","Registry Key Entry Added to the System","5","598"
"May 7, 2025 @ 05:05:54.967","WIN-3KH74N2U82B","Registry Value Entry Added to the System","5","752"
"May 7, 2025 @ 05:05:54.870","WIN-3KH74N2U82B","Registry Value Entry Added to the System","5","752"
"May 7, 2025 @ 05:05:54.854","WIN-3KH74N2U82B","Registry Value Entry Added to the System","5","752"
"May 7, 2025 @ 05:05:54.839","WIN-3KH74N2U82B","Registry Value Entry Added to the System","5","752"
"May 7, 2025 @ 05:05:54.823","WIN-3KH74N2U82B","Registry Value Entry Added to the System","5","752"
"May 7, 2025 @ 05:05:54.807","WIN-3KH74N2U82B","Registry Value Entry Added to the System","5","752"
"May 7, 2025 @ 05:05:54.792","WIN-3KH74N2U82B","Registry Value Entry Added to the System","5","752"
"May 7, 2025 @ 05:05:54.776","WIN-3KH74N2U82B","Registry Key Entry Added to the System","5","598"
"May 7, 2025 @ 05:05:54.761","WIN-3KH74N2U82B","Registry Key Entry Added to the System","5","598"
"May 7, 2025 @ 05:05:54.761","WIN-3KH74N2U82B","Registry Value Entry Added to the System","5","752"
"May 7, 2025 @ 05:05:54.651","WIN-3KH74N2U82B","Registry Value Entry Added to the System","5","752"
"May 7, 2025 @ 05:05:54.635","WIN-3KH74N2U82B","Registry Value Entry Added to the System","5","752"
"May 7, 2025 @ 05:05:54.621","WIN-3KH74N2U82B","Registry Value Entry Added to the System","5","752"
"May 7, 2025 @ 05:05:54.604","WIN-3KH74N2U82B","Registry Value Entry Added to the System","5","752"
"May 7, 2025 @ 05:05:54.590","WIN-3KH74N2U82B","Registry Value Entry Added to the System","5","752"
"May 7, 2025 @ 05:05:54.573","WIN-3KH74N2U82B","Registry Value Entry Added to the System","5","752"
"May 7, 2025 @ 05:05:54.557","WIN-3KH74N2U82B","Registry Value Entry Added to the System","5","752"
"May 7, 2025 @ 05:05:54.546","WIN-3KH74N2U82B","Registry Key Entry Added to the System","5","598"
"May 7, 2025 @ 05:05:54.539","WIN-3KH74N2U82B","Registry Value Entry Added to the System","5","752"
"May 7, 2025 @ 05:05:54.539","WIN-3KH74N2U82B","Registry Key Entry Added to the System","5","598"
"May 7, 2025 @ 05:05:53.597","WIN-3KH74N2U82B","Registry Key Integrity Checksum Changed","5","594"
"May 7, 2025 @ 05:05:53.589","WIN-3KH74N2U82B","Registry Key Integrity Checksum Changed","5","594"
"May 7, 2025 @ 05:05:52.807","WIN-3KH74N2U82B","Registry Value Entry Added to the System","5","752"
"May 7, 2025 @ 05:05:52.791","WIN-3KH74N2U82B","Registry Value Entry Added to the System","5","752"
"May 7, 2025 @ 05:05:52.776","WIN-3KH74N2U82B","Registry Value Entry Added to the System","5","752"
"May 7, 2025 @ 05:05:52.760","WIN-3KH74N2U82B","Registry Value Entry Added to the System","5","752"
"May 7, 2025 @ 05:05:52.745","WIN-3KH74N2U82B","Registry Value Entry Added to the System","5","752"
"May 7, 2025 @ 05:05:52.729","WIN-3KH74N2U82B","Registry Value Entry Added to the System","5","752"
"May 7, 2025 @ 05:05:52.713","WIN-3KH74N2U82B","Registry Value Entry Added to the System","5","752"
"May 7, 2025 @ 05:05:52.697","WIN-3KH74N2U82B","Registry Value Entry Added to the System","5","752"
"May 7, 2025 @ 05:05:52.682","WIN-3KH74N2U82B","Registry Value Entry Added to the System","5","752"
"May 7, 2025 @ 05:05:52.666","WIN-3KH74N2U82B","Registry Value Entry Added to the System","5","752"
"May 7, 2025 @ 05:05:52.651","WIN-3KH74N2U82B","Registry Value Entry Added to the System","5","752"
"May 7, 2025 @ 05:05:52.635","WIN-3KH74N2U82B","Registry Value Entry Added to the System","5","752"
"May 7, 2025 @ 05:05:52.620","WIN-3KH74N2U82B","Registry Value Entry Added to the System","5","752"
"May 7, 2025 @ 05:05:52.605","WIN-3KH74N2U82B","Registry Value Entry Added to the System","5","752"
"May 7, 2025 @ 05:05:52.604","WIN-3KH74N2U82B","Registry Value Entry Added to the System","5","752"
"May 7, 2025 @ 05:05:52.338","WIN-3KH74N2U82B","Registry Value Entry Added to the System","5","752"
"May 7, 2025 @ 05:05:52.338","WIN-3KH74N2U82B","Registry Value Entry Added to the System","5","752"
"May 7, 2025 @ 05:05:52.308","WIN-3KH74N2U82B","Registry Value Entry Added to the System","5","752"
"May 7, 2025 @ 05:05:52.307","WIN-3KH74N2U82B","Registry Value Entry Added to the System","5","752"
"May 7, 2025 @ 05:05:52.276","WIN-3KH74N2U82B","Registry Value Entry Added to the System","5","752"
"May 7, 2025 @ 05:05:52.276","WIN-3KH74N2U82B","Registry Value Entry Added to the System","5","752"
"May 7, 2025 @ 05:05:52.245","WIN-3KH74N2U82B","Registry Value Entry Added to the System","5","752"
"May 7, 2025 @ 05:05:52.244","WIN-3KH74N2U82B","Registry Value Entry Added to the System","5","752"
"May 7, 2025 @ 05:05:52.215","WIN-3KH74N2U82B","Registry Value Entry Added to the System","5","752"
"May 7, 2025 @ 05:05:52.213","WIN-3KH74N2U82B","Registry Value Entry Added to the System","5","752"
"May 7, 2025 @ 05:05:52.183","WIN-3KH74N2U82B","Registry Value Entry Added to the System","5","752"
"May 7, 2025 @ 05:05:52.182","WIN-3KH74N2U82B","Registry Value Entry Added to the System","5","752"
"May 7, 2025 @ 05:05:52.151","WIN-3KH74N2U82B","Registry Value Entry Added to the System","5","752"
"May 7, 2025 @ 05:05:52.150","WIN-3KH74N2U82B","Registry Value Entry Added to the System","5","752"
"May 7, 2025 @ 05:05:52.120","WIN-3KH74N2U82B","Registry Value Entry Added to the System","5","752"
"May 7, 2025 @ 05:05:52.119","WIN-3KH74N2U82B","Registry Value Entry Added to the System","5","752"
"May 7, 2025 @ 05:05:52.088","WIN-3KH74N2U82B","Registry Value Entry Added to the System","5","752"
"May 7, 2025 @ 05:05:52.088","WIN-3KH74N2U82B","Registry Value Entry Added to the System","5","752"
"May 7, 2025 @ 05:05:52.057","WIN-3KH74N2U82B","Registry Value Entry Added to the System","5","752"
"May 7, 2025 @ 05:05:52.057","WIN-3KH74N2U82B","Registry Value Entry Added to the System","5","752"
"May 7, 2025 @ 05:05:52.026","WIN-3KH74N2U82B","Registry Value Entry Added to the System","5","752"
"May 7, 2025 @ 05:05:52.025","WIN-3KH74N2U82B","Registry Value Entry Added to the System","5","752"
"May 7, 2025 @ 05:05:51.995","WIN-3KH74N2U82B","Registry Value Entry Added to the System","5","752"
"May 7, 2025 @ 05:05:51.994","WIN-3KH74N2U82B","Registry Value Entry Added to the System","5","752"
"May 7, 2025 @ 05:05:51.963","WIN-3KH74N2U82B","Registry Value Entry Added to the System","5","752"
"May 7, 2025 @ 05:05:51.963","WIN-3KH74N2U82B","Registry Value Entry Added to the System","5","752"
"May 7, 2025 @ 05:05:51.932","WIN-3KH74N2U82B","Registry Value Entry Added to the System","5","752"
"May 7, 2025 @ 05:05:51.932","WIN-3KH74N2U82B","Registry Value Entry Added to the System","5","752"
"May 7, 2025 @ 05:05:51.901","WIN-3KH74N2U82B","Registry Value Entry Added to the System","5","752"
"May 7, 2025 @ 05:05:51.901","WIN-3KH74N2U82B","Registry Value Entry Added to the System","5","752"
"May 7, 2025 @ 05:05:51.869","WIN-3KH74N2U82B","Registry Value Entry Added to the System","5","752"
"May 7, 2025 @ 05:05:51.869","WIN-3KH74N2U82B","Registry Value Entry Added to the System","5","752"
"May 7, 2025 @ 05:05:51.838","WIN-3KH74N2U82B","Registry Value Entry Added to the System","5","752"
"May 7, 2025 @ 05:05:51.838","WIN-3KH74N2U82B","Registry Value Entry Added to the System","5","752"
"May 7, 2025 @ 05:05:51.808","WIN-3KH74N2U82B","Registry Value Entry Added to the System","5","752"
"May 7, 2025 @ 05:05:51.807","WIN-3KH74N2U82B","Registry Value Entry Added to the System","5","752"
"May 7, 2025 @ 05:05:51.776","WIN-3KH74N2U82B","Registry Value Entry Added to the System","5","752"
"May 7, 2025 @ 05:05:51.776","WIN-3KH74N2U82B","Registry Value Entry Added to the System","5","752"
"May 7, 2025 @ 05:05:51.745","WIN-3KH74N2U82B","Registry Value Entry Added to the System","5","752"
"May 7, 2025 @ 05:05:51.744","WIN-3KH74N2U82B","Registry Value Entry Added to the System","5","752"
"May 7, 2025 @ 05:05:51.713","WIN-3KH74N2U82B","Registry Value Entry Added to the System","5","752"
"May 7, 2025 @ 05:05:51.713","WIN-3KH74N2U82B","Registry Value Entry Added to the System","5","752"
"May 7, 2025 @ 05:05:51.682","WIN-3KH74N2U82B","Registry Value Entry Added to the System","5","752"
"May 7, 2025 @ 05:05:51.682","WIN-3KH74N2U82B","Registry Value Entry Added to the System","5","752"
"May 7, 2025 @ 05:05:51.651","WIN-3KH74N2U82B","Registry Value Entry Added to the System","5","752"
"May 7, 2025 @ 05:05:51.650","WIN-3KH74N2U82B","Registry Value Entry Added to the System","5","752"
"May 7, 2025 @ 05:05:51.619","WIN-3KH74N2U82B","Registry Value Entry Added to the System","5","752"
"May 7, 2025 @ 05:05:51.619","WIN-3KH74N2U82B","Registry Value Entry Added to the System","5","752"
"May 7, 2025 @ 05:05:51.619","WIN-3KH74N2U82B","Registry Value Entry Added to the System","5","752"
"May 7, 2025 @ 05:05:51.589","WIN-3KH74N2U82B","Registry Value Entry Added to the System","5","752"
"May 7, 2025 @ 05:05:51.318","WIN-3KH74N2U82B","Registry Value Entry Added to the System","5","752"
"May 7, 2025 @ 05:05:51.317","WIN-3KH74N2U82B","Registry Value Entry Added to the System","5","752"
"May 7, 2025 @ 05:05:51.317","WIN-3KH74N2U82B","Registry Value Entry Added to the System","5","752"
"May 7, 2025 @ 05:05:51.317","WIN-3KH74N2U82B","Registry Value Entry Added to the System","5","752"
"May 7, 2025 @ 05:05:51.166","WIN-3KH74N2U82B","Registry Value Entry Added to the System","5","752"
"May 7, 2025 @ 05:05:51.135","WIN-3KH74N2U82B","Registry Value Entry Added to the System","5","752"
"May 7, 2025 @ 05:05:51.135","WIN-3KH74N2U82B","Registry Value Entry Added to the System","5","752"
"May 7, 2025 @ 05:05:51.104","WIN-3KH74N2U82B","Registry Value Entry Added to the System","5","752"
"May 7, 2025 @ 05:05:51.104","WIN-3KH74N2U82B","Registry Value Entry Added to the System","5","752"
"May 7, 2025 @ 05:05:51.073","WIN-3KH74N2U82B","Registry Value Entry Added to the System","5","752"
"May 7, 2025 @ 05:05:51.073","WIN-3KH74N2U82B","Registry Value Entry Added to the System","5","752"
"May 7, 2025 @ 05:05:51.041","WIN-3KH74N2U82B","Registry Value Entry Added to the System","5","752"
"May 7, 2025 @ 05:05:51.041","WIN-3KH74N2U82B","Registry Value Entry Added to the System","5","752"
"May 7, 2025 @ 05:05:51.010","WIN-3KH74N2U82B","Registry Value Entry Added to the System","5","752"
"May 7, 2025 @ 05:05:51.010","WIN-3KH74N2U82B","Registry Value Entry Added to the System","5","752"
"May 7, 2025 @ 05:05:50.979","WIN-3KH74N2U82B","Registry Value Entry Added to the System","5","752"
"May 7, 2025 @ 05:05:50.978","WIN-3KH74N2U82B","Registry Value Entry Added to the System","5","752"
"May 7, 2025 @ 05:05:50.948","WIN-3KH74N2U82B","Registry Value Entry Added to the System","5","752"
"May 7, 2025 @ 05:05:50.947","WIN-3KH74N2U82B","Registry Value Entry Added to the System","5","752"
"May 7, 2025 @ 05:05:50.917","WIN-3KH74N2U82B","Registry Value Entry Added to the System","5","752"
"May 7, 2025 @ 05:05:50.916","WIN-3KH74N2U82B","Registry Value Entry Added to the System","5","752"
"May 7, 2025 @ 05:05:50.916","WIN-3KH74N2U82B","Registry Value Entry Added to the System","5","752"
"May 7, 2025 @ 05:05:50.916","WIN-3KH74N2U82B","Registry Value Entry Added to the System","5","752"
"May 7, 2025 @ 05:05:50.915","WIN-3KH74N2U82B","Registry Value Entry Added to the System","5","752"
"May 7, 2025 @ 05:05:50.915","WIN-3KH74N2U82B","Registry Key Integrity Checksum Changed","5","594"
"May 7, 2025 @ 05:05:50.915","WIN-3KH74N2U82B","Registry Value Entry Added to the System","5","752"
"May 7, 2025 @ 05:05:50.915","WIN-3KH74N2U82B","Registry Value Entry Added to the System","5","752"
"May 7, 2025 @ 05:05:50.914","WIN-3KH74N2U82B","Registry Value Entry Added to the System","5","752"
"May 7, 2025 @ 05:05:50.914","WIN-3KH74N2U82B","Registry Value Entry Added to the System","5","752"
"May 7, 2025 @ 05:05:50.914","WIN-3KH74N2U82B","Registry Value Entry Added to the System","5","752"
"May 7, 2025 @ 05:05:50.914","WIN-3KH74N2U82B","Registry Value Entry Added to the System","5","752"
"May 7, 2025 @ 05:05:50.913","WIN-3KH74N2U82B","Registry Value Entry Added to the System","5","752"
"May 7, 2025 @ 05:05:50.913","WIN-3KH74N2U82B","Registry Value Entry Added to the System","5","752"
"May 7, 2025 @ 05:05:50.913","WIN-3KH74N2U82B","Registry Value Entry Added to the System","5","752"
"May 7, 2025 @ 05:05:50.913","WIN-3KH74N2U82B","Registry Value Entry Added to the System","5","752"
"May 7, 2025 @ 05:05:50.913","WIN-3KH74N2U82B","Registry Value Entry Added to the System","5","752"
"May 7, 2025 @ 05:05:50.912","WIN-3KH74N2U82B","Registry Value Entry Added to the System","5","752"
"May 7, 2025 @ 05:05:50.912","WIN-3KH74N2U82B","Registry Value Entry Added to the System","5","752"
"May 7, 2025 @ 05:05:50.912","WIN-3KH74N2U82B","Registry Value Entry Added to the System","5","752"
"May 7, 2025 @ 05:05:50.912","WIN-3KH74N2U82B","Registry Value Entry Added to the System","5","752"
"May 7, 2025 @ 05:05:50.912","WIN-3KH74N2U82B","Registry Value Entry Added to the System","5","752"
"May 7, 2025 @ 05:05:50.911","WIN-3KH74N2U82B","Registry Value Entry Added to the System","5","752"
"May 7, 2025 @ 05:05:50.911","WIN-3KH74N2U82B","Registry Value Entry Added to the System","5","752"
"May 7, 2025 @ 05:05:50.911","WIN-3KH74N2U82B","Registry Value Entry Added to the System","5","752"
"May 7, 2025 @ 05:05:50.911","WIN-3KH74N2U82B","Registry Value Entry Added to the System","5","752"
"May 7, 2025 @ 05:05:50.910","WIN-3KH74N2U82B","Registry Value Entry Added to the System","5","752"
"May 7, 2025 @ 05:05:50.495","WIN-3KH74N2U82B","Registry Value Entry Added to the System","5","752"
"May 7, 2025 @ 05:05:50.495","WIN-3KH74N2U82B","Registry Value Entry Added to the System","5","752"
"May 7, 2025 @ 05:05:50.479","WIN-3KH74N2U82B","Registry Key Integrity Checksum Changed","5","594"
"May 7, 2025 @ 05:05:49.870","WIN-3KH74N2U82B","Registry Value Entry Added to the System","5","752"
"May 7, 2025 @ 05:05:49.119","WIN-3KH74N2U82B","Registry Value Entry Added to the System","5","752"
"May 7, 2025 @ 05:05:49.104","WIN-3KH74N2U82B","Registry Value Entry Added to the System","5","752"
"May 7, 2025 @ 05:05:49.088","WIN-3KH74N2U82B","Registry Value Entry Added to the System","5","752"
"May 7, 2025 @ 05:05:49.073","WIN-3KH74N2U82B","Registry Value Entry Added to the System","5","752"
"May 7, 2025 @ 05:05:49.057","WIN-3KH74N2U82B","Registry Value Entry Added to the System","5","752"
"May 7, 2025 @ 05:05:49.041","WIN-3KH74N2U82B","Registry Value Entry Added to the System","5","752"
"May 7, 2025 @ 05:05:49.026","WIN-3KH74N2U82B","Registry Value Entry Added to the System","5","752"
"May 7, 2025 @ 05:05:49.010","WIN-3KH74N2U82B","Registry Value Entry Added to the System","5","752"
"May 7, 2025 @ 05:05:48.995","WIN-3KH74N2U82B","Registry Value Entry Added to the System","5","752"
"May 7, 2025 @ 05:05:48.979","WIN-3KH74N2U82B","Registry Value Entry Added to the System","5","752"
"May 7, 2025 @ 05:05:48.963","WIN-3KH74N2U82B","Registry Value Entry Added to the System","5","752"
"May 7, 2025 @ 05:05:48.947","WIN-3KH74N2U82B","Registry Value Entry Added to the System","5","752"
"May 7, 2025 @ 05:05:48.932","WIN-3KH74N2U82B","Registry Value Entry Added to the System","5","752"
"May 7, 2025 @ 05:05:48.917","WIN-3KH74N2U82B","Registry Value Entry Added to the System","5","752"
"May 7, 2025 @ 05:05:48.901","WIN-3KH74N2U82B","Registry Value Entry Added to the System","5","752"
"May 7, 2025 @ 05:05:48.885","WIN-3KH74N2U82B","Registry Value Entry Added to the System","5","752"
"May 7, 2025 @ 05:05:48.869","WIN-3KH74N2U82B","Registry Value Entry Added to the System","5","752"
"May 7, 2025 @ 05:05:48.862","WIN-3KH74N2U82B","Registry Value Entry Added to the System","5","752"
"May 7, 2025 @ 05:05:48.861","WIN-3KH74N2U82B","Registry Value Entry Added to the System","5","752"
"May 7, 2025 @ 05:05:48.823","WIN-3KH74N2U82B","Registry Key Integrity Checksum Changed","5","594"
"May 7, 2025 @ 05:05:48.807","WIN-3KH74N2U82B","Registry Value Integrity Checksum Changed","5","750"
"May 7, 2025 @ 05:05:48.800","WIN-3KH74N2U82B","Registry Key Integrity Checksum Changed","5","594"
"May 7, 2025 @ 05:05:48.780","WIN-3KH74N2U82B","Registry Value Integrity Checksum Changed","5","750"
"May 7, 2025 @ 05:05:48.780","WIN-3KH74N2U82B","Registry Key Integrity Checksum Changed","5","594"
"May 7, 2025 @ 05:05:47.291","WIN-3KH74N2U82B","Registry Value Entry Added to the System","5","752"
"May 7, 2025 @ 05:05:47.276","WIN-3KH74N2U82B","Registry Value Entry Added to the System","5","752"
"May 7, 2025 @ 05:05:47.260","WIN-3KH74N2U82B","Registry Value Entry Added to the System","5","752"
"May 7, 2025 @ 05:05:47.244","WIN-3KH74N2U82B","Registry Value Entry Added to the System","5","752"
"May 7, 2025 @ 05:05:47.243","WIN-3KH74N2U82B","Registry Value Entry Added to the System","5","752"
"May 7, 2025 @ 05:05:47.243","WIN-3KH74N2U82B","Registry Key Entry Added to the System","5","598"
"May 7, 2025 @ 05:05:47.243","WIN-3KH74N2U82B","Registry Value Entry Added to the System","5","752"
"May 7, 2025 @ 05:05:47.243","WIN-3KH74N2U82B","Registry Value Entry Added to the System","5","752"
"May 7, 2025 @ 05:05:47.242","WIN-3KH74N2U82B","Registry Key Entry Added to the System","5","598"
"May 7, 2025 @ 05:05:47.242","WIN-3KH74N2U82B","Registry Value Entry Added to the System","5","752"
"May 7, 2025 @ 05:05:47.242","WIN-3KH74N2U82B","Registry Value Entry Added to the System","5","752"
"May 7, 2025 @ 05:05:47.242","WIN-3KH74N2U82B","Registry Value Entry Added to the System","5","752"
"May 7, 2025 @ 05:05:47.242","WIN-3KH74N2U82B","Registry Value Entry Added to the System","5","752"
"May 7, 2025 @ 05:05:47.241","WIN-3KH74N2U82B","Registry Value Entry Added to the System","5","752"
"May 7, 2025 @ 05:05:47.073","WIN-3KH74N2U82B","Registry Value Entry Added to the System","5","752"
"May 7, 2025 @ 05:05:47.057","WIN-3KH74N2U82B","Registry Value Entry Added to the System","5","752"
"May 7, 2025 @ 05:05:47.042","WIN-3KH74N2U82B","Registry Value Entry Added to the System","5","752"
"May 7, 2025 @ 05:05:47.026","WIN-3KH74N2U82B","Registry Key Entry Added to the System","5","598"
"May 7, 2025 @ 05:05:47.014","WIN-3KH74N2U82B","Registry Value Entry Added to the System","5","752"
"May 7, 2025 @ 05:05:47.014","WIN-3KH74N2U82B","Registry Key Entry Added to the System","5","598"
"May 7, 2025 @ 05:05:42.543","WIN-3KH74N2U82B","Registry Key Integrity Checksum Changed","5","594"
"May 7, 2025 @ 05:05:41.937","WIN-3KH74N2U82B","Registry Value Entry Added to the System","5","752"
"May 7, 2025 @ 05:05:41.916","WIN-3KH74N2U82B","Registry Value Entry Added to the System","5","752"
"May 7, 2025 @ 05:05:41.896","WIN-3KH74N2U82B","Registry Key Entry Added to the System","5","598"
"May 7, 2025 @ 05:05:41.480","WIN-3KH74N2U82B","Registry Value Integrity Checksum Changed","5","750"
"May 7, 2025 @ 05:05:41.479","WIN-3KH74N2U82B","Registry Value Integrity Checksum Changed","5","750"
"May 7, 2025 @ 05:05:40.478","WIN-3KH74N2U82B","Registry Key Integrity Checksum Changed","5","594"
"May 7, 2025 @ 05:05:40.323","WIN-3KH74N2U82B","Registry Value Entry Added to the System","5","752"
"May 7, 2025 @ 05:05:40.307","WIN-3KH74N2U82B","Registry Value Entry Added to the System","5","752"
"May 7, 2025 @ 05:05:40.291","WIN-3KH74N2U82B","Registry Value Entry Added to the System","5","752"
"May 7, 2025 @ 05:05:40.276","WIN-3KH74N2U82B","Registry Value Entry Added to the System","5","752"
"May 7, 2025 @ 05:05:40.260","WIN-3KH74N2U82B","Registry Value Entry Added to the System","5","752"
"May 7, 2025 @ 05:05:40.245","WIN-3KH74N2U82B","Registry Value Entry Added to the System","5","752"
"May 7, 2025 @ 05:05:40.229","WIN-3KH74N2U82B","Registry Value Entry Added to the System","5","752"
"May 7, 2025 @ 05:05:40.213","WIN-3KH74N2U82B","Registry Key Entry Added to the System","5","598"
"May 7, 2025 @ 05:05:40.198","WIN-3KH74N2U82B","Registry Value Entry Added to the System","5","752"
"May 7, 2025 @ 05:05:40.182","WIN-3KH74N2U82B","Registry Key Entry Added to the System","5","598"
"May 7, 2025 @ 05:05:40.167","WIN-3KH74N2U82B","Registry Value Entry Added to the System","5","752"
"May 7, 2025 @ 05:05:40.151","WIN-3KH74N2U82B","Registry Value Entry Added to the System","5","752"
"May 7, 2025 @ 05:05:40.135","WIN-3KH74N2U82B","Registry Value Entry Added to the System","5","752"
"May 7, 2025 @ 05:05:40.119","WIN-3KH74N2U82B","Registry Value Entry Added to the System","5","752"
"May 7, 2025 @ 05:05:40.104","WIN-3KH74N2U82B","Registry Value Entry Added to the System","5","752"
"May 7, 2025 @ 05:05:40.090","WIN-3KH74N2U82B","Registry Value Entry Added to the System","5","752"
"May 7, 2025 @ 05:05:40.073","WIN-3KH74N2U82B","Registry Value Entry Added to the System","5","752"
"May 7, 2025 @ 05:05:40.057","WIN-3KH74N2U82B","Registry Key Entry Added to the System","5","598"
"May 7, 2025 @ 05:05:40.053","WIN-3KH74N2U82B","Registry Value Entry Added to the System","5","752"
"May 7, 2025 @ 05:05:40.053","WIN-3KH74N2U82B","Registry Key Entry Added to the System","5","598"
"May 7, 2025 @ 05:05:39.964","WIN-3KH74N2U82B","Registry Value Entry Added to the System","5","752"
"May 7, 2025 @ 05:05:39.948","WIN-3KH74N2U82B","Registry Value Entry Added to the System","5","752"
"May 7, 2025 @ 05:05:39.932","WIN-3KH74N2U82B","Registry Value Entry Added to the System","5","752"
"May 7, 2025 @ 05:05:39.916","WIN-3KH74N2U82B","Registry Value Entry Added to the System","5","752"
"May 7, 2025 @ 05:05:39.901","WIN-3KH74N2U82B","Registry Value Entry Added to the System","5","752"
"May 7, 2025 @ 05:05:39.885","WIN-3KH74N2U82B","Registry Value Entry Added to the System","5","752"
"May 7, 2025 @ 05:05:39.870","WIN-3KH74N2U82B","Registry Value Entry Added to the System","5","752"
"May 7, 2025 @ 05:05:39.854","WIN-3KH74N2U82B","Registry Key Entry Added to the System","5","598"
"May 7, 2025 @ 05:05:39.842","WIN-3KH74N2U82B","Registry Key Entry Added to the System","5","598"
"May 7, 2025 @ 05:05:39.842","WIN-3KH74N2U82B","Registry Value Entry Added to the System","5","752"
"May 7, 2025 @ 05:05:39.776","WIN-3KH74N2U82B","Registry Value Entry Added to the System","5","752"
"May 7, 2025 @ 05:05:39.760","WIN-3KH74N2U82B","Registry Value Entry Added to the System","5","752"
"May 7, 2025 @ 05:05:39.745","WIN-3KH74N2U82B","Registry Value Entry Added to the System","5","752"
"May 7, 2025 @ 05:05:39.729","WIN-3KH74N2U82B","Registry Value Entry Added to the System","5","752"
"May 7, 2025 @ 05:05:39.713","WIN-3KH74N2U82B","Registry Value Entry Added to the System","5","752"
"May 7, 2025 @ 05:05:39.700","WIN-3KH74N2U82B","Registry Value Entry Added to the System","5","752"
"May 7, 2025 @ 05:05:39.682","WIN-3KH74N2U82B","Registry Value Entry Added to the System","5","752"
"May 7, 2025 @ 05:05:39.666","WIN-3KH74N2U82B","Registry Key Entry Added to the System","5","598"
"May 7, 2025 @ 05:05:39.651","WIN-3KH74N2U82B","Registry Value Entry Added to the System","5","752"
"May 7, 2025 @ 05:05:39.635","WIN-3KH74N2U82B","Registry Key Entry Added to the System","5","598"
"May 7, 2025 @ 05:05:39.619","WIN-3KH74N2U82B","Registry Value Entry Added to the System","5","752"
"May 7, 2025 @ 05:05:39.604","WIN-3KH74N2U82B","Registry Value Entry Added to the System","5","752"
"May 7, 2025 @ 05:05:39.588","WIN-3KH74N2U82B","Registry Value Entry Added to the System","5","752"
"May 7, 2025 @ 05:05:39.573","WIN-3KH74N2U82B","Registry Value Entry Added to the System","5","752"
"May 7, 2025 @ 05:05:39.558","WIN-3KH74N2U82B","Registry Value Entry Added to the System","5","752"
"May 7, 2025 @ 05:05:39.541","WIN-3KH74N2U82B","Registry Value Entry Added to the System","5","752"
"May 7, 2025 @ 05:05:39.526","WIN-3KH74N2U82B","Registry Value Entry Added to the System","5","752"
"May 7, 2025 @ 05:05:39.516","WIN-3KH74N2U82B","Registry Key Entry Added to the System","5","598"
"May 7, 2025 @ 05:05:39.511","WIN-3KH74N2U82B","Registry Value Entry Added to the System","5","752"
"May 7, 2025 @ 05:05:38.677","WIN-3KH74N2U82B","Registry Key Entry Added to the System","5","598"
"May 7, 2025 @ 05:05:38.675","WIN-3KH74N2U82B","Registry Value Entry Added to the System","5","752"
"May 7, 2025 @ 05:05:38.674","WIN-3KH74N2U82B","Registry Value Entry Added to the System","5","752"
"May 7, 2025 @ 05:05:38.674","WIN-3KH74N2U82B","Registry Value Entry Added to the System","5","752"
"May 7, 2025 @ 05:05:38.674","WIN-3KH74N2U82B","Registry Value Entry Added to the System","5","752"
"May 7, 2025 @ 05:05:38.526","WIN-3KH74N2U82B","Registry Value Entry Added to the System","5","752"
"May 7, 2025 @ 05:05:38.510","WIN-3KH74N2U82B","Registry Value Entry Added to the System","5","752"
"May 7, 2025 @ 05:05:38.495","WIN-3KH74N2U82B","Registry Value Entry Added to the System","5","752"
"May 7, 2025 @ 05:05:38.479","WIN-3KH74N2U82B","Registry Key Entry Added to the System","5","598"
"May 7, 2025 @ 05:05:38.471","WIN-3KH74N2U82B","Registry Value Entry Added to the System","5","752"
"May 7, 2025 @ 05:05:38.471","WIN-3KH74N2U82B","Registry Key Entry Added to the System","5","598"
"May 7, 2025 @ 05:05:38.042","WIN-3KH74N2U82B","Registry Key Integrity Checksum Changed","5","594"
"May 7, 2025 @ 05:05:38.027","WIN-3KH74N2U82B","Registry Key Integrity Checksum Changed","5","594"
"May 7, 2025 @ 05:05:38.026","WIN-3KH74N2U82B","Registry Key Integrity Checksum Changed","5","594"
"May 7, 2025 @ 05:05:38.026","WIN-3KH74N2U82B","Registry Key Integrity Checksum Changed","5","594"
"May 7, 2025 @ 05:05:37.989","WIN-3KH74N2U82B","Registry Value Integrity Checksum Changed","5","750"
"May 7, 2025 @ 05:05:37.948","WIN-3KH74N2U82B","Registry Value Integrity Checksum Changed","5","750"
"May 7, 2025 @ 05:05:37.932","WIN-3KH74N2U82B","Registry Key Integrity Checksum Changed","5","594"
"May 7, 2025 @ 05:05:37.916","WIN-3KH74N2U82B","Registry Value Entry Added to the System","5","752"
"May 7, 2025 @ 05:05:37.901","WIN-3KH74N2U82B","Registry Value Entry Added to the System","5","752"
"May 7, 2025 @ 05:05:37.885","WIN-3KH74N2U82B","Registry Value Entry Added to the System","5","752"
"May 7, 2025 @ 05:05:37.870","WIN-3KH74N2U82B","Registry Value Entry Added to the System","5","752"
"May 7, 2025 @ 05:05:37.854","WIN-3KH74N2U82B","Registry Value Entry Added to the System","5","752"
"May 7, 2025 @ 05:05:37.853","WIN-3KH74N2U82B","Registry Value Entry Added to the System","5","752"
"May 7, 2025 @ 05:05:37.822","WIN-3KH74N2U82B","Registry Value Entry Added to the System","5","752"
"May 7, 2025 @ 05:05:37.807","WIN-3KH74N2U82B","Registry Value Entry Added to the System","5","752"
"May 7, 2025 @ 05:05:37.792","WIN-3KH74N2U82B","Registry Value Entry Added to the System","5","752"
"May 7, 2025 @ 05:05:37.776","WIN-3KH74N2U82B","Registry Value Entry Added to the System","5","752"
"May 7, 2025 @ 05:05:37.760","WIN-3KH74N2U82B","Registry Value Entry Added to the System","5","752"
"May 7, 2025 @ 05:05:37.745","WIN-3KH74N2U82B","Registry Value Entry Added to the System","5","752"
"May 7, 2025 @ 05:05:37.729","WIN-3KH74N2U82B","Registry Value Entry Added to the System","5","752"
"May 7, 2025 @ 05:05:37.713","WIN-3KH74N2U82B","Registry Value Entry Added to the System","5","752"
"May 7, 2025 @ 05:05:37.698","WIN-3KH74N2U82B","Registry Value Entry Added to the System","5","752"
"May 7, 2025 @ 05:05:37.682","WIN-3KH74N2U82B","Registry Value Entry Added to the System","5","752"
"May 7, 2025 @ 05:05:37.666","WIN-3KH74N2U82B","Registry Value Entry Added to the System","5","752"
"May 7, 2025 @ 05:05:37.651","WIN-3KH74N2U82B","Registry Value Entry Added to the System","5","752"
"May 7, 2025 @ 05:05:37.635","WIN-3KH74N2U82B","Registry Value Entry Added to the System","5","752"
"May 7, 2025 @ 05:05:37.619","WIN-3KH74N2U82B","Registry Value Entry Added to the System","5","752"
"May 7, 2025 @ 05:05:37.604","WIN-3KH74N2U82B","Registry Value Entry Added to the System","5","752"
"May 7, 2025 @ 05:05:37.602","WIN-3KH74N2U82B","Registry Value Entry Added to the System","5","752"
"May 7, 2025 @ 05:05:37.602","WIN-3KH74N2U82B","Registry Key Entry Added to the System","5","598"
"May 7, 2025 @ 05:05:37.588","WIN-3KH74N2U82B","Registry Value Integrity Checksum Changed","5","750"
"May 7, 2025 @ 05:05:37.561","WIN-3KH74N2U82B","Registry Key Integrity Checksum Changed","5","594"
"May 7, 2025 @ 05:05:28.433","WIN-3KH74N2U82B","Registry Value Integrity Checksum Changed","5","750"
"May 7, 2025 @ 05:05:28.433","WIN-3KH74N2U82B","Registry Key Integrity Checksum Changed","5","594"
"May 7, 2025 @ 05:05:28.312","WIN-3KH74N2U82B","Registry Value Integrity Checksum Changed","5","750"
"May 7, 2025 @ 05:05:28.312","WIN-3KH74N2U82B","Registry Key Integrity Checksum Changed","5","594"
"May 7, 2025 @ 05:04:44.948","WIN-3KH74N2U82B","Windows System error event","5","61102"
"May 7, 2025 @ 05:04:09.918","WIN-3KH74N2U82B","Failed attempt to perform a privileged operation","4","60107"
"May 7, 2025 @ 05:04:01.819","WIN-3KH74N2U82B","Failed attempt to perform a privileged operation","4","60107"
"May 7, 2025 @ 05:04:01.777","WIN-3KH74N2U82B","Failed attempt to perform a privileged operation","4","60107"
"May 7, 2025 @ 04:58:07.662","WIN-3KH74N2U82B","Software protection service scheduled successfully.","3","60642"
"May 7, 2025 @ 04:57:36.915","WIN-3KH74N2U82B","Windows Logon Success","3","60106"
"May 7, 2025 @ 04:54:09.916","WIN-3KH74N2U82B","Failed attempt to perform a privileged operation","4","60107"
"May 7, 2025 @ 04:54:01.818","WIN-3KH74N2U82B","Failed attempt to perform a privileged operation","4","60107"
"May 7, 2025 @ 04:54:01.777","WIN-3KH74N2U82B","Failed attempt to perform a privileged operation","4","60107"
"May 7, 2025 @ 04:43:58.211","WIN-3KH74N2U82B","Failed attempt to perform a privileged operation","4","60107"
"May 7, 2025 @ 04:38:09.897","WIN-3KH74N2U82B","Failed attempt to perform a privileged operation","4","60107"
"May 7, 2025 @ 04:38:01.829","WIN-3KH74N2U82B","Failed attempt to perform a privileged operation","4","60107"
"May 7, 2025 @ 04:38:01.788","WIN-3KH74N2U82B","Failed attempt to perform a privileged operation","4","60107"
"May 7, 2025 @ 04:22:09.895","WIN-3KH74N2U82B","Failed attempt to perform a privileged operation","4","60107"
"May 7, 2025 @ 04:22:01.799","WIN-3KH74N2U82B","Failed attempt to perform a privileged operation","4","60107"
"May 7, 2025 @ 04:22:01.770","WIN-3KH74N2U82B","Failed attempt to perform a privileged operation","4","60107"
"May 7, 2025 @ 04:13:58.190","WIN-3KH74N2U82B","Failed attempt to perform a privileged operation","4","60107"
"May 7, 2025 @ 04:06:59.269","WIN-3KH74N2U82B","Windows Logon Success","3","60106"
"May 7, 2025 @ 04:06:45.611","WIN-3KH74N2U82B","Windows Logon Success","3","60106"
"May 7, 2025 @ 04:06:32.049","WIN-3KH74N2U82B","Windows Logon Success","3","60106"
"May 7, 2025 @ 04:06:09.892","WIN-3KH74N2U82B","Failed attempt to perform a privileged operation","4","60107"
"May 7, 2025 @ 04:06:01.812","WIN-3KH74N2U82B","Failed attempt to perform a privileged operation","4","60107"
"May 7, 2025 @ 04:06:01.782","WIN-3KH74N2U82B","Failed attempt to perform a privileged operation","4","60107"
"May 7, 2025 @ 04:04:45.612","WIN-3KH74N2U82B","Windows System error event","5","61102"
"May 7, 2025 @ 03:53:50.061","WIN-3KH74N2U82B","Windows User Logoff","3","60137"
"May 7, 2025 @ 03:53:50.029","WIN-3KH74N2U82B","Windows Logon Success","3","60106"
"May 7, 2025 @ 03:53:49.545","WIN-3KH74N2U82B","Windows Logon Success","3","60106"
"May 7, 2025 @ 03:53:49.514","WIN-3KH74N2U82B","Windows Logon Success","3","60106"
"May 7, 2025 @ 03:53:49.471","WIN-3KH74N2U82B","Windows Logon Success","3","60106"
"May 7, 2025 @ 03:53:46.060","WIN-3KH74N2U82B","Windows User Logoff","3","60137"
"May 7, 2025 @ 03:53:45.982","WIN-3KH74N2U82B","Windows Logon Success","3","60106"
"May 7, 2025 @ 03:50:09.889","WIN-3KH74N2U82B","Failed attempt to perform a privileged operation","4","60107"
"May 7, 2025 @ 03:50:01.821","WIN-3KH74N2U82B","Failed attempt to perform a privileged operation","4","60107"
"May 7, 2025 @ 03:50:01.780","WIN-3KH74N2U82B","Failed attempt to perform a privileged operation","4","60107"
"May 7, 2025 @ 03:43:58.169","WIN-3KH74N2U82B","Failed attempt to perform a privileged operation","4","60107"
"May 7, 2025 @ 03:34:09.902","WIN-3KH74N2U82B","Failed attempt to perform a privileged operation","4","60107"
"May 7, 2025 @ 03:34:01.818","WIN-3KH74N2U82B","Failed attempt to perform a privileged operation","4","60107"
"May 7, 2025 @ 03:34:01.777","WIN-3KH74N2U82B","Failed attempt to perform a privileged operation","4","60107"
"May 7, 2025 @ 03:18:09.899","WIN-3KH74N2U82B","Failed attempt to perform a privileged operation","4","60107"
"May 7, 2025 @ 03:18:01.800","WIN-3KH74N2U82B","Failed attempt to perform a privileged operation","4","60107"
"May 7, 2025 @ 03:18:01.762","WIN-3KH74N2U82B","Failed attempt to perform a privileged operation","4","60107"
"May 7, 2025 @ 03:17:00.446","WIN-3KH74N2U82B","Service startup type was changed","3","61104"
"May 7, 2025 @ 03:15:10.633","WIN-3KH74N2U82B","Failed attempt to perform a privileged operation","4","60107"
"May 7, 2025 @ 03:14:58.024","WIN-3KH74N2U82B","Failed attempt to perform a privileged operation","4","60107"
"May 7, 2025 @ 03:14:48.085","WIN-3KH74N2U82B","Service startup type was changed","3","61104"
"May 7, 2025 @ 03:14:47.929","WIN-3KH74N2U82B","Windows Logon Success","3","60106"
"May 7, 2025 @ 03:13:58.195","WIN-3KH74N2U82B","Failed attempt to perform a privileged operation","4","60107"
"May 7, 2025 @ 03:06:49.529","WIN-3KH74N2U82B","Windows Logon Success","3","60106"
"May 7, 2025 @ 03:06:49.462","WIN-3KH74N2U82B","Windows Logon Success","3","60106"
"May 7, 2025 @ 03:06:45.603","WIN-3KH74N2U82B","Windows Logon Success","3","60106"
"May 7, 2025 @ 03:04:45.274","WIN-3KH74N2U82B","Windows System error event","5","61102"
"May 7, 2025 @ 03:02:09.896","WIN-3KH74N2U82B","Failed attempt to perform a privileged operation","4","60107"
"May 7, 2025 @ 03:02:01.801","WIN-3KH74N2U82B","Failed attempt to perform a privileged operation","4","60107"
"May 7, 2025 @ 03:02:01.760","WIN-3KH74N2U82B","Failed attempt to perform a privileged operation","4","60107"
"May 7, 2025 @ 02:46:21.659","WIN-3KH74N2U82B","Failed attempt to perform a privileged operation","4","60107"
"May 7, 2025 @ 02:46:09.894","WIN-3KH74N2U82B","Failed attempt to perform a privileged operation","4","60107"
"May 7, 2025 @ 02:46:01.795","WIN-3KH74N2U82B","Failed attempt to perform a privileged operation","4","60107"
"May 7, 2025 @ 02:46:01.754","WIN-3KH74N2U82B","Failed attempt to perform a privileged operation","4","60107"
"May 7, 2025 @ 02:45:17.597","WIN-3KH74N2U82B","Failed attempt to perform a privileged operation","4","60107"
"May 7, 2025 @ 02:43:58.112","WIN-3KH74N2U82B","Failed attempt to perform a privileged operation","4","60107"
"May 7, 2025 @ 02:30:09.875","WIN-3KH74N2U82B","Failed attempt to perform a privileged operation","4","60107"
"May 7, 2025 @ 02:30:01.809","WIN-3KH74N2U82B","Failed attempt to perform a privileged operation","4","60107"
"May 7, 2025 @ 02:30:01.772","WIN-3KH74N2U82B","Failed attempt to perform a privileged operation","4","60107"
"May 7, 2025 @ 02:14:09.872","WIN-3KH74N2U82B","Failed attempt to perform a privileged operation","4","60107"
"May 7, 2025 @ 02:14:01.805","WIN-3KH74N2U82B","Failed attempt to perform a privileged operation","4","60107"
"May 7, 2025 @ 02:14:01.764","WIN-3KH74N2U82B","Failed attempt to perform a privileged operation","4","60107"
"May 7, 2025 @ 02:13:58.091","WIN-3KH74N2U82B","Failed attempt to perform a privileged operation","4","60107"
"May 7, 2025 @ 02:07:46.010","WIN-3KH74N2U82B","Software protection service scheduled successfully.","3","60642"
"May 7, 2025 @ 02:07:16.780","WIN-3KH74N2U82B","Failed attempt to perform a privileged operation","4","60107"
"May 7, 2025 @ 02:07:01.745","WIN-3KH74N2U82B","Windows Logon Success","3","60106"
"May 7, 2025 @ 02:07:01.673","WIN-3KH74N2U82B","Windows Logon Success","3","60106"
"May 7, 2025 @ 02:06:45.591","WIN-3KH74N2U82B","Windows Logon Success","3","60106"
"May 7, 2025 @ 02:06:42.449","WIN-3KH74N2U82B","Windows Logon Success","3","60106"
"May 7, 2025 @ 02:06:42.401","WIN-3KH74N2U82B","Windows Logon Success","3","60106"
"May 7, 2025 @ 02:04:45.184","WIN-3KH74N2U82B","Windows System error event","5","61102"
"May 7, 2025 @ 01:59:09.870","WIN-3KH74N2U82B","Failed attempt to perform a privileged operation","4","60107"
"May 7, 2025 @ 01:59:01.788","WIN-3KH74N2U82B","Failed attempt to perform a privileged operation","4","60107"
"May 7, 2025 @ 01:59:01.746","WIN-3KH74N2U82B","Failed attempt to perform a privileged operation","4","60107"
"May 7, 2025 @ 01:54:45.867","WIN-3KH74N2U82B","Windows User Logoff","3","60137"
"May 7, 2025 @ 01:54:45.836","WIN-3KH74N2U82B","Windows Logon Success","3","60106"
"May 7, 2025 @ 01:54:45.102","WIN-3KH74N2U82B","Windows Logon Success","3","60106"
"May 7, 2025 @ 01:54:45.056","WIN-3KH74N2U82B","Windows Logon Success","3","60106"
"May 7, 2025 @ 01:54:45.035","WIN-3KH74N2U82B","Windows Logon Success","3","60106"
"May 7, 2025 @ 01:54:42.555","WIN-3KH74N2U82B","Windows User Logoff","3","60137"
"May 7, 2025 @ 01:54:42.493","WIN-3KH74N2U82B","Windows Logon Success","3","60106"
"May 7, 2025 @ 01:43:58.148","WIN-3KH74N2U82B","Failed attempt to perform a privileged operation","4","60107"
"May 7, 2025 @ 01:43:09.867","WIN-3KH74N2U82B","Failed attempt to perform a privileged operation","4","60107"
"May 7, 2025 @ 01:43:01.799","WIN-3KH74N2U82B","Failed attempt to perform a privileged operation","4","60107"
"May 7, 2025 @ 01:43:01.759","WIN-3KH74N2U82B","Failed attempt to perform a privileged operation","4","60107"
"May 7, 2025 @ 01:27:09.864","WIN-3KH74N2U82B","Failed attempt to perform a privileged operation","4","60107"
"May 7, 2025 @ 01:27:01.797","WIN-3KH74N2U82B","Failed attempt to perform a privileged operation","4","60107"
"May 7, 2025 @ 01:27:01.756","WIN-3KH74N2U82B","Failed attempt to perform a privileged operation","4","60107"
"May 7, 2025 @ 01:13:58.065","WIN-3KH74N2U82B","Failed attempt to perform a privileged operation","4","60107"
"May 7, 2025 @ 01:11:09.876","WIN-3KH74N2U82B","Failed attempt to perform a privileged operation","4","60107"
"May 7, 2025 @ 01:11:01.793","WIN-3KH74N2U82B","Failed attempt to perform a privileged operation","4","60107"
"May 7, 2025 @ 01:11:01.752","WIN-3KH74N2U82B","Failed attempt to perform a privileged operation","4","60107"
"May 7, 2025 @ 01:06:45.579","WIN-3KH74N2U82B","Windows Logon Success","3","60106"
"May 7, 2025 @ 01:06:34.280","WIN-3KH74N2U82B","Windows Logon Success","3","60106"
"May 7, 2025 @ 01:06:34.225","WIN-3KH74N2U82B","Windows Logon Success","3","60106"
"May 7, 2025 @ 01:04:44.987","WIN-3KH74N2U82B","Windows System error event","5","61102"
"May 7, 2025 @ 01:04:15.311","WIN-3KH74N2U82B","Windows User Logoff","3","60137"
"May 7, 2025 @ 01:04:15.265","WIN-3KH74N2U82B","Windows Logon Success","3","60106"
"May 7, 2025 @ 00:55:09.858","WIN-3KH74N2U82B","Failed attempt to perform a privileged operation","4","60107"
"May 7, 2025 @ 00:55:01.765","WIN-3KH74N2U82B","Failed attempt to perform a privileged operation","4","60107"
"May 7, 2025 @ 00:55:01.734","WIN-3KH74N2U82B","Failed attempt to perform a privileged operation","4","60107"
"May 7, 2025 @ 00:43:58.028","WIN-3KH74N2U82B","Failed attempt to perform a privileged operation","4","60107"
"May 7, 2025 @ 00:39:09.855","WIN-3KH74N2U82B","Failed attempt to perform a privileged operation","4","60107"
"May 7, 2025 @ 00:39:01.777","WIN-3KH74N2U82B","Failed attempt to perform a privileged operation","4","60107"
"May 7, 2025 @ 00:39:01.746","WIN-3KH74N2U82B","Failed attempt to perform a privileged operation","4","60107"
"May 7, 2025 @ 00:23:09.851","WIN-3KH74N2U82B","Failed attempt to perform a privileged operation","4","60107"
"May 7, 2025 @ 00:23:01.783","WIN-3KH74N2U82B","Failed attempt to perform a privileged operation","4","60107"
"May 7, 2025 @ 00:23:01.742","WIN-3KH74N2U82B","Failed attempt to perform a privileged operation","4","60107"
"May 7, 2025 @ 00:13:58.022","WIN-3KH74N2U82B","Failed attempt to perform a privileged operation","4","60107"
"May 7, 2025 @ 00:07:09.864","WIN-3KH74N2U82B","Failed attempt to perform a privileged operation","4","60107"
"May 7, 2025 @ 00:07:01.782","WIN-3KH74N2U82B","Failed attempt to perform a privileged operation","4","60107"
"May 7, 2025 @ 00:07:01.741","WIN-3KH74N2U82B","Failed attempt to perform a privileged operation","4","60107"
"May 7, 2025 @ 00:06:45.583","WIN-3KH74N2U82B","Windows Logon Success","3","60106"
"May 7, 2025 @ 00:06:26.070","WIN-3KH74N2U82B","Windows Logon Success","3","60106"
"May 7, 2025 @ 00:04:45.176","WIN-3KH74N2U82B","Windows System error event","5","61102"
"May 6, 2025 @ 23:58:42.330","WIN-3KH74N2U82B","Windows User Logoff","3","60137"
"May 6, 2025 @ 23:58:42.283","WIN-3KH74N2U82B","Windows Logon Success","3","60106"
"May 6, 2025 @ 23:58:41.643","WIN-3KH74N2U82B","Windows Logon Success","3","60106"
"May 6, 2025 @ 23:58:41.596","WIN-3KH74N2U82B","Windows Logon Success","3","60106"
"May 6, 2025 @ 23:58:41.574","WIN-3KH74N2U82B","Windows Logon Success","3","60106"
"May 6, 2025 @ 23:58:38.768","WIN-3KH74N2U82B","Windows User Logoff","3","60137"
"May 6, 2025 @ 23:58:38.721","WIN-3KH74N2U82B","Windows Logon Success","3","60106"
"May 6, 2025 @ 23:51:09.861","WIN-3KH74N2U82B","Failed attempt to perform a privileged operation","4","60107"
"May 6, 2025 @ 23:51:01.763","WIN-3KH74N2U82B","Failed attempt to perform a privileged operation","4","60107"
"May 6, 2025 @ 23:51:01.721","WIN-3KH74N2U82B","Failed attempt to perform a privileged operation","4","60107"
"May 6, 2025 @ 23:43:57.986","WIN-3KH74N2U82B","Failed attempt to perform a privileged operation","4","60107"
"May 6, 2025 @ 23:35:09.843","WIN-3KH74N2U82B","Failed attempt to perform a privileged operation","4","60107"
"May 6, 2025 @ 23:35:01.760","WIN-3KH74N2U82B","Failed attempt to perform a privileged operation","4","60107"
"May 6, 2025 @ 23:35:01.719","WIN-3KH74N2U82B","Failed attempt to perform a privileged operation","4","60107"
"May 6, 2025 @ 23:19:09.841","WIN-3KH74N2U82B","Failed attempt to perform a privileged operation","4","60107"
"May 6, 2025 @ 23:19:01.774","WIN-3KH74N2U82B","Failed attempt to perform a privileged operation","4","60107"
"May 6, 2025 @ 23:19:01.735","WIN-3KH74N2U82B","Failed attempt to perform a privileged operation","4","60107"
"May 6, 2025 @ 23:13:58.184","WIN-3KH74N2U82B","Failed attempt to perform a privileged operation","4","60107"
"May 6, 2025 @ 23:06:45.574","WIN-3KH74N2U82B","Windows Logon Success","3","60106"
"May 6, 2025 @ 23:06:17.603","WIN-3KH74N2U82B","Windows Logon Success","3","60106"
"May 6, 2025 @ 23:06:17.561","WIN-3KH74N2U82B","Windows Logon Success","3","60106"
"May 6, 2025 @ 23:04:44.956","WIN-3KH74N2U82B","Windows System error event","5","61102"
"May 6, 2025 @ 23:03:09.838","WIN-3KH74N2U82B","Failed attempt to perform a privileged operation","4","60107"
"May 6, 2025 @ 23:03:01.770","WIN-3KH74N2U82B","Failed attempt to perform a privileged operation","4","60107"
"May 6, 2025 @ 23:03:01.729","WIN-3KH74N2U82B","Failed attempt to perform a privileged operation","4","60107"
"May 6, 2025 @ 22:52:09.837","WIN-3KH74N2U82B","Failed attempt to perform a privileged operation","4","60107"
"May 6, 2025 @ 22:52:01.753","WIN-3KH74N2U82B","Failed attempt to perform a privileged operation","4","60107"
"May 6, 2025 @ 22:52:01.713","WIN-3KH74N2U82B","Failed attempt to perform a privileged operation","4","60107"
"May 6, 2025 @ 22:43:58.070","WIN-3KH74N2U82B","Failed attempt to perform a privileged operation","4","60107"
"May 6, 2025 @ 22:40:26.398","WIN-3KH74N2U82B","Failed attempt to perform a privileged operation","4","60107"
"May 6, 2025 @ 22:39:26.429","WIN-3KH74N2U82B","Failed attempt to perform a privileged operation","4","60107"
"May 6, 2025 @ 22:36:09.834","WIN-3KH74N2U82B","Failed attempt to perform a privileged operation","4","60107"
"May 6, 2025 @ 22:36:01.766","WIN-3KH74N2U82B","Failed attempt to perform a privileged operation","4","60107"
"May 6, 2025 @ 22:36:01.725","WIN-3KH74N2U82B","Failed attempt to perform a privileged operation","4","60107"